"hfpxzc href","qBF1Pd","MW4etd","UY7F9","W4Efsd","W4Efsd 2","doJOZc","W4Efsd 3","W4Efsd 4","W4Efsd 5","W4Efsd 6","W4Efsd 7","UsdlK","lcr4fd href","Cw1rxd","R8c4Qb","Cw1rxd 2","R8c4Qb 2","Jn12ke src","ah5Ghc","ah5Ghc 2","ah5Ghc 3"
"","","","","","","","","","","","","","","","","","","","","",""
"","","","","","","","","","","","","","","","","","","","","",""
"https://www.google.com/maps/place/Juliana+Bessa+Arquitetura/data=!4m7!3m6!1s0x935ef0e6ddf63d8f:0x31edfceb0126a8cc!8m2!3d-16.7001717!4d-49.258859!16s%2Fg%2F11gdfk0qjq!19sChIJjz323ebwXpMRzKgmAev87TE?authuser=0&hl=pt-BR&rclk=1","Juliana Bessa Arquitetura","4,9","(36)","Arquiteto","·","","·","Rua 1135, 100","Aberto","· Fecha 18:00","·","(62) 98117-0790","https://www.instagram.com/jubessa/","","Website","","Rotas","https://ssl.gstatic.com/local/servicebusiness/default_user.png","""Superou nossas expectativas!""","",""
"https://www.google.com/maps/place/Arquiteto+em+Goi%C3%A2nia+I+Vit%C3%B3ria+Paiva+Arquitetura+e+Interiores/data=!4m7!3m6!1s0x935ef1e9eec0cc61:0x5c3ada14374d63ca!8m2!3d-16.7145639!4d-49.2589686!16s%2Fg%2F11ykvfqcv9!19sChIJYczA7unxXpMRymNNNxTaOlw?authuser=0&hl=pt-BR&rclk=1","Arquiteto em Goiânia I Vitória Paiva Arquitetura e Interiores","5,0","(47)","Escritório de Arquitetura","·","","·","Alameda Couto Magalhães, 521 - sala 05 - St","Aberto","· Fecha 19:00","·","(62) 98428-7873","https://wa.me/5562984287873","","Website","","Rotas","https://ssl.gstatic.com/local/servicebusiness/default_user.png","""Minha experiência no studio de","arquitetura","foi incrível."""
"https://www.google.com/maps/place/Leo+Romano/data=!4m7!3m6!1s0x935ef13f3b3eb0b3:0xca52f997d53a058a!8m2!3d-16.694124!4d-49.2561998!16s%2Fg%2F11g_h019k!19sChIJs7A-Oz_xXpMRigU61Zf5Uso?authuser=0&hl=pt-BR&rclk=1","Leo Romano","4,7","(48)","Arquiteto","·","","·","R. 131, 79","Aberto","· Fecha 18:00","·","(62) 3086-1965","http://www.leoromano.com.br/","","Website","","Rotas","https://ssl.gstatic.com/local/servicebusiness/default_user.png","""O melhor em atendimento estrutura estão de parabéns""","",""
"https://www.google.com/maps/place/Arquiteta+em+Goi%C3%A2nia+%7C+Studio+Simetria+Arquitetura+e+Urbanismo+%7C+Larissa+Neves/data=!4m7!3m6!1s0x4cbf2f020b867a85:0xe790d648e2ac4c71!8m2!3d-16.689263!4d-49.2647327!16s%2Fg%2F11tjpwfy6q!19sChIJhXqGCwIvv0wRcUys4kjWkOc?authuser=0&hl=pt-BR&rclk=1","Arquiteta em Goiânia | Studio Simetria Arquitetura e Urbanismo | Larissa Neves","5,0","(45)","Arquiteto","·","","·","Ed. Euro Working Concept - R. João de Abreu, 116 - sala 1208 A","Fecha em breve","· 17:00 · Abre seg. às 07:00","·","(62) 98132-2002","https://api.whatsapp.com/send?phone=5562981322002&text=Ol%C3%A1%20Larissa%2C%20te%20encontrei%20atrav%C3%A9s%20do%20google%20e%20gostaria%20de%20saber%20mais%20informa%C3%A7%C3%B5es%20sobre%20o%20seu%20trabalho!","","Website","","Rotas","https://ssl.gstatic.com/local/servicebusiness/default_user.png","""Recomendo de olhos fechados seu trabalho como","arquiteta","de Goiânia!"""
"https://www.google.com/maps/place/Magally+Cunha+l+Arquiteta+Goi%C3%A2nia/data=!4m7!3m6!1s0x935ef798528e44a1:0xa24b0e3627fb74d9!8m2!3d-16.6918561!4d-49.2860283!16s%2Fg%2F11lts_pgmq!19sChIJoUSOUpj3XpMR2XT7JzYOS6I?authuser=0&hl=pt-BR&rclk=1","Magally Cunha l Arquiteta Goiânia","5,0","(22)","Arquiteto","·","","Avenida T 3, sem número, Quadra 168, Lote 16/17, Bueno Business Center, sala 5, Setor Bueno, Goiânia- GO, CEP:","·","Aberto","· Fecha 18:00","","(62) 99952-5709","https://magallycunhaarquitetura.com.br/","","Website","","Rotas","https://ssl.gstatic.com/local/servicebusiness/default_user.png","""Profissional que tem o cuidado em reproduzir nossos sonhos em projeto.""","",""
"https://www.google.com/maps/place/Arquiteto+em+Goi%C3%A2nia+l+Collen+Arquitetura+%7C+Arquiteta+e+Urbanista/data=!4m7!3m6!1s0x2b9c8853c24931df:0x86a675deed8ab0a0!8m2!3d-16.6882379!4d-49.1931482!16s%2Fg%2F11n47g5cs_!19sChIJ3zFJwlOInCsRoLCK7d51poY?authuser=0&hl=pt-BR&rclk=1","Arquiteto em Goiânia l Collen Arquitetura | Arquiteta e Urbanista","5,0","(33)","Arquiteto","","","·","","Aberto 24 horas","","","(62) 98255-5267","https://collenarquitetura.lovable.app/","","Website","","Rotas","https://ssl.gstatic.com/local/servicebusiness/default_user.png","""Super atenciosa aos mínimos detalhes e uma ótima profissional.""","",""
"https://www.google.com/maps/place/Habit%C3%A1+Arquitetura/data=!4m7!3m6!1s0x935ef0d8626ace1f:0x5b81d1fbe61714a6!8m2!3d-16.7034957!4d-49.2659072!16s%2Fg%2F11c2kwm_h0!19sChIJH85qYtjwXpMRphQX5vvRgVs?authuser=0&hl=pt-BR&rclk=1","Habitá Arquitetura","5,0","(13)","Arquiteto","·","","·","Edifício New Times Square Avenida T-10, Sala 1704 Ed. New times Square","Aberto","· Fecha 18:00","·","(62) 99983-1798","http://habitaarquitetura.com/","","Website","","Rotas","https://ssl.gstatic.com/local/servicebusiness/default_user.png","""Projetos excelentes!""","",""
"https://www.google.com/maps/place/Karine+Sim%C3%B5es+Arquitetura/data=!4m7!3m6!1s0x935ef1005ee9b10d:0xc8a7bd52cd93b61f!8m2!3d-16.6888326!4d-49.2653328!16s%2Fg%2F11hz8_xbxg!19sChIJDbHpXgDxXpMRH7aTzVK9p8g?authuser=0&hl=pt-BR&rclk=1","Karine Simões Arquitetura","5,0","(73)","Arquiteto","·","","·","R. João de Abreu, 116","Aberto","· Fecha 18:00","·","(62) 3932-0642","http://www.karinesimoes.com.br/","","Website","","Rotas","https://ssl.gstatic.com/local/servicebusiness/default_user.png","""Mais do que","arquitetura",", a materialização do que até então era sonho."""
"https://www.google.com/maps/place/Work+Arquitetura/data=!4m7!3m6!1s0x935ef1bcdad1baf7:0x9fb9a7de2f380f26!8m2!3d-16.703522!4d-49.2659286!16s%2Fg%2F11mvtw4w4f!19sChIJ97rR2rzxXpMRJg84L96nuZ8?authuser=0&hl=pt-BR&rclk=1","Work Arquitetura","4,9","(40)","Escritório de arquitetura de interiores","·","","·","Edifício New Times Square - Av. T-10, sala 611","Aberto","· Fecha 18:00","·","(62) 3624-1143","","","Rotas","","","https://ssl.gstatic.com/local/servicebusiness/default_user.png","""Super recomendo, o
Projeto da minha casa ficou simplesmente perfeito.""","",""
"https://www.google.com/maps/place/Arquiteli%C3%AA/data=!4m7!3m6!1s0x935ef69a9025d9f5:0xfe5b87c584f05886!8m2!3d-16.688863!4d-49.26619!16s%2Fg%2F11g6xrfz15!19sChIJ9dklkJr2XpMRhljwhMWHW_4?authuser=0&hl=pt-BR&rclk=1","Arquiteliê","4,9","(71)","Escritório de Arquitetura","·","","·","Ed. Aton Business Style - R. João de Abreu, 192 - Sala 34B","Aberto","· Fecha 18:00","·","(62) 98121-4300","http://arquitelie.com.br/","","Website","","Rotas","https://ssl.gstatic.com/local/servicebusiness/default_user.png","""Tive muita sorte de encontrar esse escritório de","arquitetura","."""
"https://www.google.com/maps/place/Horbilon+Veiga+Arquitetura/data=!4m7!3m6!1s0x935ef1e78b0f9a77:0x228e3ac62350975d!8m2!3d-16.6891577!4d-49.241327!16s%2Fg%2F11mspd3h0k!19sChIJd5oPi-fxXpMRXZdQI8Y6jiI?authuser=0&hl=pt-BR&rclk=1","Horbilon Veiga Arquitetura","5,0","(32)","Arquiteto","·","","Av. Fued José Sebba, 700","·","Aberto","· Fecha 20:00","","(62) 99670-4055","","","Rotas","","","https://ssl.gstatic.com/local/servicebusiness/default_user.png","""Atenderam perfeitamente às solicitações do projeto do meu apartamento.""","",""
"https://www.google.com/maps/place/RGB+Est%C3%BAdio+-+Arquitetura/data=!4m7!3m6!1s0x935ef14a5938ddf5:0xfa1e4679c4c90712!8m2!3d-16.6976418!4d-49.2813304!16s%2Fg%2F1hhgrzfsy!19sChIJ9d04WUrxXpMREgfJxHlGHvo?authuser=0&hl=pt-BR&rclk=1","RGB Estúdio - Arquitetura","4,9","(20)","Arquiteto","·","","·","Av. C-197, 285 - Quadra 490A. Lote 20, sala 101","Aberto","· Fecha 18:30","·","(62) 98238-7568","http://www.rgbestudio.com.br/","","Website","","Rotas","","","",""
"https://www.google.com/maps/place/Thiago+Lobo+Arquitetura/data=!4m7!3m6!1s0x935ef1abb5c8d365:0x4ea590217628976c!8m2!3d-16.7048998!4d-49.2408397!16s%2Fg%2F11c51wp3g1!19sChIJZdPItavxXpMRbJcodiGQpU4?authuser=0&hl=pt-BR&rclk=1","Thiago Lobo Arquitetura","4,9","(127)","Arquiteto","·","","·","Ed. Metropolitan, Torre Tokyo - Av. Dep. Jamel Cecílio, Sala 1918","Aberto","· Fecha 19:00","·","(62) 99702-1918","https://thiagolobo.com.br/","","Website","","Rotas","https://ssl.gstatic.com/local/servicebusiness/default_user.png","""Escolhi esse escritório de","arquitetura","pois foi muito recomendado!"""
"https://www.google.com/maps/place/Arquiteta+Larisse+Correia/data=!4m7!3m6!1s0x935ef3641c43df7f:0x2481ecb5e876fbda!8m2!3d-16.633893!4d-49.2731268!16s%2Fg%2F11h38rynx5!19sChIJf99DHGTzXpMR2vt26LXsgSQ?authuser=0&hl=pt-BR&rclk=1","Arquiteta Larisse Correia","4,9","(21)","Arquiteto","·","","Avenida Goiás , S/N Quadra 38, Lote 30 Casa 02","·","Aberto","· Fecha 18:00","","(62) 98125-9332","http://arquitetalarissecorreia.com/?utm_source=gmb&utm_medium=referral","","Website","","Rotas","https://ssl.gstatic.com/local/servicebusiness/default_user.png","""Os projetos do meu quarto e cozinha ficaram lindos demais e a minha cara.""","",""
"https://www.google.com/maps/place/Sariedine+Arquitetura/data=!4m7!3m6!1s0x935ef1691216e215:0xb09ce9a57f57c143!8m2!3d-16.6970149!4d-49.2694934!16s%2Fg%2F11vd3v4c38!19sChIJFeIWEmnxXpMRQ8FXf6XpnLA?authuser=0&hl=pt-BR&rclk=1","Sariedine Arquitetura","5,0","(21)","Arquiteto","·","","·","AVENIDA PORTUGAL 1148, CEP:, 74150030","Aberto","· Fecha 18:00","·","(62) 99817-9685","https://www.sariedinearquitetura.com/","","Website","","Rotas","https://ssl.gstatic.com/local/servicebusiness/default_user.png","""Sem dúvida, a Sariedine","Arquitetura","merece os mais altos elogios!"""
"https://www.google.com/maps/place/Costaveras+Arquitetura/data=!4m7!3m6!1s0x935ef0542f97f22b:0xcadb6ea7e9c06726!8m2!3d-16.7002677!4d-49.2607888!16s%2Fg%2F11fx8c27by!19sChIJK_KXL1TwXpMRJmfA6adu28o?authuser=0&hl=pt-BR&rclk=1","Costaveras Arquitetura","5,0","(16)","Arquiteto","·","","·","R. 1129, 56","Aberto","· Fecha 18:00","·","(62) 99326-4463","http://costaveras.com.br/","","Website","","Rotas","https://ssl.gstatic.com/local/servicebusiness/default_user.png","""","Arquitetura","contemporânea brasileira de qualidade."""
"https://www.google.com/maps/place/VEIGA+ARQUITETURA/data=!4m7!3m6!1s0x935ef79c246dc779:0xbf378e3cfc996cc6!8m2!3d-16.729594!4d-49.309131!16s%2Fg%2F11h04kgrsp!19sChIJecdtJJz3XpMRxmyZ_DyON78?authuser=0&hl=pt-BR&rclk=1","VEIGA ARQUITETURA","4,9","(15)","Arquiteto","·","","·","R. Navarra","Aberto","· Fecha 18:00","·","(62) 99141-9858","http://www.instagram.com/veigarquitetura","","Website","","Rotas","https://ssl.gstatic.com/local/servicebusiness/default_user.png","""Recomendo essa empresa de","arquitetura","para projetos e consultorias."""
"https://www.google.com/maps/place/Douglas+Santana+Arquitetura/data=!4m7!3m6!1s0x4318b397c0110921:0x166e2063555faede!8m2!3d-16.7096308!4d-49.2663227!16s%2Fg%2F11k3jg0lk8!19sChIJIQkRwJezGEMR3q5fVWMgbhY?authuser=0&hl=pt-BR&rclk=1","Douglas Santana Arquitetura","5,0","(65)","Arquiteto","·","","·","Av. T-12, 35 - St. Bueno, Goiânia - GO, 74223-080","Aberto","· Fecha 19:00","·","(62) 99149-5745","https://www.instagram.com/arqdouglassantana/","","Website","","Rotas","https://ssl.gstatic.com/local/servicebusiness/default_user.png","""Recomendo a todos que buscam por uma entrega de excelência.""","",""
"https://www.google.com/maps/place/Filipe+Giani+%7C+Arquiteto+Goi%C3%A2nia/data=!4m7!3m6!1s0x935ef1085951dc9f:0x107b2024c711519f!8m2!3d-16.6918873!4d-49.285739!16s%2Fg%2F11k9lkdsb3!19sChIJn9xRWQjxXpMRn1ERxyQgexA?authuser=0&hl=pt-BR&rclk=1","Filipe Giani | Arquiteto Goiânia","5,0","(13)","Arquiteto","·","","Bueno Business Center - Av. T-3, Qd. 168 - Lt. 16/17, Sala 05","·","Aberto","· Fecha 18:00","","(62) 98166-9183","","","Rotas","","","https://ssl.gstatic.com/local/servicebusiness/default_user.png","""Meu projeto ficou lindo e tudo dentro do que eu disse que precisava.""","",""
"https://www.google.com/maps/place/Arquiteto+Goi%C3%A2nia+-+Daniel+Almeida+Projetos+de+Arquitetura+e+Reformas+de+Im%C3%B3vel/data=!4m7!3m6!1s0x935ef1116a3ecf2d:0xd7c1addc0168456!8m2!3d-16.6858227!4d-49.2620337!16s%2Fg%2F11b5yx3grq!19sChIJLc8-ahHxXpMRVoQWwN0afA0?authuser=0&hl=pt-BR&rclk=1","Arquiteto Goiânia - Daniel Almeida Projetos de Arquitetura e Reformas de Imóvel","5,0","(5)","Arquiteto","·","","·","Edificio Wall Street - R. 1, Sl 901","Aberto","· Fecha 18:00","·","(62) 99251-7799","https://www.instagram.com/danielalmeidaarquitetura/","","Website","","Rotas","https://ssl.gstatic.com/local/servicebusiness/default_user.png","""A maestria do Daniel vai além de erguer edifícios;""","",""
"https://www.google.com/maps/place/Escrit%C3%B3rio+de+Arquitetura+SOS+Arquiteto/data=!4m7!3m6!1s0x935ef1a31b3c6d7f:0xdabcc29d100a75f9!8m2!3d-16.73181!4d-49.2799343!16s%2Fg%2F11vz118x31!19sChIJf208G6PxXpMR-XUKEJ3CvNo?authuser=0&hl=pt-BR&rclk=1","Escritório de Arquitetura SOS Arquiteto","5,0","(12)","Escritório de Arquitetura","·","","Ville de Vermont - Al. Juazeiro do Norte , Ch81, cs 15","·","Aberto","· Fecha 18:00","","(62) 99243-2843","https://www.sosarquiteto.com/","","Website","","Rotas","https://ssl.gstatic.com/local/servicebusiness/default_user.png","""Fiz um projeto de reforma com a SOS","arquitetura","que ficou maravilhoso!"""
"https://www.google.com/maps/place/Gessiane+Mello+Arquitetura/data=!4m7!3m6!1s0x935ef12035b4ef43:0x91f3eaf2d81e600c!8m2!3d-16.7067669!4d-49.2365783!16s%2Fg%2F11fjn4fhf0!19sChIJQ--0NSDxXpMRDGAe2PLq85E?authuser=0&hl=pt-BR&rclk=1","Gessiane Mello Arquitetura","5,0","(13)","Arquiteto","·","","Av. Dep. Jamel Cecílio, ruas 14 e 14A, Qd. C-9, Sala 505, Edif. Flamboyant Park Business","·","Aberto","· Fecha 18:00","","(62) 98425-8054","https://arqgessianemello.com.br/","","Website","","Rotas","https://ssl.gstatic.com/local/servicebusiness/default_user.png","""É atenta as tendências e cheia de ideias inovadoras.""","",""
"https://www.google.com/maps/place/bonomi+arquitetura/data=!4m7!3m6!1s0x935ef1acdcdfb7cb:0xaef9eb5ae52184af!8m2!3d-16.7067931!4d-49.2365831!16s%2Fg%2F11g8k8p_gx!19sChIJy7ff3KzxXpMRr4Qh5Vrr-a4?authuser=0&hl=pt-BR&rclk=1","bonomi arquitetura","5,0","(14)","Arquiteto","·","","·","Rua 14, nº 3455 - Flamboyant Park Business - sala 1107","Aberto","· Fecha 18:00","·","(62) 98127-9496","","","Rotas","","","","","",""
"https://www.google.com/maps/place/NATO+Arquitetura,+Design+e+Engenharia/data=!4m7!3m6!1s0x935ef1ce43699543:0x713ba0f6954a4de9!8m2!3d-16.6792821!4d-49.2667593!16s%2Fg%2F11h1hqllv4!19sChIJQ5VpQ87xXpMR6U1KlfagO3E?authuser=0&hl=pt-BR&rclk=1","NATO Arquitetura, Design e Engenharia","5,0","(38)","Escritório de Arquitetura","·","","·","Ed. Vanda Pinheiro - Av. República do Líbano, 1551 - Sala 302","Aberto","· Fecha 18:00","·","(62) 99930-1121","https://beacons.ai/nato.co","","Website","","Rotas","https://ssl.gstatic.com/local/servicebusiness/default_user.png","""Recomendo fortemente para quem busca um trabalho de alta qualidade!""","",""
"https://www.google.com/maps/place/Walter+e+Athos+Arquitetos+Associados/data=!4m7!3m6!1s0x935ef12eb36cdef7:0x2e50477ac9e70c6b!8m2!3d-16.7128833!4d-49.2781192!16s%2Fg%2F1td491cx!19sChIJ995ssy7xXpMRawznyXpHUC4?authuser=0&hl=pt-BR&rclk=1","Walter e Athos Arquitetos Associados","4,7","(29)","Arquiteto","·","","·","Av. C-182, 363","Aberto","· Fecha 18:00","·","(62) 99686-9524","https://waltereathos.com.br/?gad_source=1&gclid=CjwKCAiAneK8BhAVEiwAoy2HYXYSEe1KrVxxAH4_yor16Ow7Wy3e1ZdkZeo_tYNd82AsWZSMV4cQcBoC0RQQAvD_BwE","","Website","","Rotas","","","",""
"https://www.google.com/maps/place/Zoli+Arquitetura+-+Escrit%C3%B3rio+de+Arquitetura+e+Interiores/data=!4m7!3m6!1s0x935ef11195add815:0x217becccce44987b!8m2!3d-16.6833938!4d-49.2645318!16s%2Fg%2F11sstvr_p0!19sChIJFditlRHxXpMRe5hEzszseyE?authuser=0&hl=pt-BR&rclk=1","Zoli Arquitetura - Escritório de Arquitetura e Interiores","5,0","(14)","Arquiteto","·","","The Prime Tamandaré Office - Rua 5 691 Qd.c-4 lotes:16 a 19/52/54/56, Sala 2010","·","Aberto","· Fecha 18:30","","(62) 99121-8603","","","Rotas","","","https://ssl.gstatic.com/local/servicebusiness/default_user.png","""Indico a Zoli de olhos fechados, confio 100% no trabalho e entrega delas.""","",""
"https://www.google.com/maps/place/TTAD+Arquitetura+-+Tati+Tavares+%2B+Alex+Dalcin/data=!4m7!3m6!1s0x935ef16c5ab444d1:0x20586c992d526ef4!8m2!3d-16.6835113!4d-49.2645454!16s%2Fg%2F119wn1jf8!19sChIJ0US0WmzxXpMR9G5SLZlsWCA?authuser=0&hl=pt-BR&rclk=1","TTAD Arquitetura - Tati Tavares + Alex Dalcin","5,0","(11)","Arquiteto","·","","Rua 05 N 691 Ed The Prime Office Sala 1313 Setor Oeste Goiânia GO BR 74115-060","·","Aberto","· Fecha 19:00","","(62) 3281-2598","http://ttad.com.br/","","Website","","Rotas","https://ssl.gstatic.com/local/servicebusiness/default_user.png","""Projetos maravilhosos, únicos e totalmente personalizados!""","",""
"https://www.google.com/maps/place/Pedro+Ernesto+Arquitetura/data=!4m7!3m6!1s0x935ef111ab730e43:0xba195f296c6fe7c!8m2!3d-16.6997838!4d-49.2608846!16s%2Fg%2F11dx9g3c_k!19sChIJQw5zqxHxXpMRfP7GlvKVoQs?authuser=0&hl=pt-BR&rclk=1","Pedro Ernesto Arquitetura","4,7","(15)","Arquiteto","·","","·","R. 1128, 69 - lt. 15-16 qd. 237","Aberto","· Fecha 18:00","·","(62) 99964-0706","http://pedroernestoarquitetura.com.br/","","Website","","Rotas","","Serviços no local","",""
"https://www.google.com/maps/place/ANDR%C3%89+BRAND%C3%83O+%2B+M%C3%81RCIA+VARIZO/data=!4m7!3m6!1s0x935ef149c2dbc381:0xc2ce35585b5014ea!8m2!3d-16.6966401!4d-49.2764657!16s%2Fg%2F11cs5sv16q!19sChIJgcPbwknxXpMR6hRQW1g1zsI?authuser=0&hl=pt-BR&rclk=1","ANDRÉ BRANDÃO + MÁRCIA VARIZO","4,8","(5)","Arquiteto","·","","Av. T-8, 1080","·","Aberto","· Fecha 18:00","","(62) 3285-6554","","","Rotas","","","","","",""
"https://www.google.com/maps/place/Donna+Arquitetura+e+Interiores/data=!4m7!3m6!1s0x935ef1fbedeef493:0xd6f9ca9b7cf2b178!8m2!3d-16.7065966!4d-49.2365507!16s%2Fg%2F11gs4qj6y7!19sChIJk_Tu7fvxXpMReLHyfJvK-dY?authuser=0&hl=pt-BR&rclk=1","Donna Arquitetura e Interiores","5,0","(23)","Escritório de Arquitetura","·","","·","R. 14, sala 1910","Aberto","· Fecha 18:00","·","(62) 98253-8306","","","Rotas","","","https://ssl.gstatic.com/local/servicebusiness/default_user.png","""Profissionais dedicados, criativos e muito atenciosos.""","",""
"https://www.google.com/maps/place/Itamar+Andrade+Arquitetura/data=!4m7!3m6!1s0x935ef2599eb2860f:0xf3326947db95709f!8m2!3d-16.6333091!4d-49.230992!16s%2Fg%2F11bbrhrnth!19sChIJD4aynlnyXpMRn3CV20dpMvM?authuser=0&hl=pt-BR&rclk=1","Itamar Andrade Arquitetura","5,0","(58)","Arquiteto","·","","·","Av. dos Índios, 125 - qd117, Ltda 05","Fecha em breve","· 17:00 · Abre seg. às 08:00","·","(62) 98260-3066","https://www.instagram.com/itamarandradearquitetura/","","Website","","Rotas","https://ssl.gstatic.com/local/servicebusiness/default_user.png","""Trazem para os projetos uma","arquitetura","muito moderna e bonita."""
"https://www.google.com/maps/place/ARKTA+ARQUITETURA/data=!4m7!3m6!1s0xa0aee62a54064955:0xedef53e977f57f6b!8m2!3d-16.7777849!4d-49.1785439!16s%2Fg%2F11mzqzln0d!19sChIJVUkGVCrmrqARa3_1d-lT7-0?authuser=0&hl=pt-BR&rclk=1","ARKTA ARQUITETURA","5,0","(17)","Arquiteto","","","·","","Aberto","· Fecha 18:00","","(62) 98157-2792","","","Rotas","","","https://ssl.gstatic.com/local/servicebusiness/default_user.png","""Excelentes profissionais, ótimos projetos e muito atenciosos.""","",""
"https://www.google.com/maps/place/Beatriz+Medeiros+Arquitetura+em+Goi%C3%A2nia/data=!4m7!3m6!1s0x935ef30bdb3772af:0x96f1363bcf8ede88!8m2!3d-16.6400628!4d-49.2382458!16s%2Fg%2F11l1f6_t1j!19sChIJr3I32wvzXpMRiN6Ozzs28ZY?authuser=0&hl=pt-BR&rclk=1","Beatriz Medeiros Arquitetura em Goiânia","5,0","(23)","Escritório de Arquitetura","·","","·","R. Serra Dourada, 240","Aberto","· Fecha 19:00","·","(62) 99900-2015","https://www.instagram.com/bemedeirosarquitetura/","","Website","","Rotas","https://ssl.gstatic.com/local/servicebusiness/default_user.png","""super profissional, atenciosa e criativa, excelentes projetos!""","",""
"https://www.google.com/maps/place/Studio+illi+%7C+Roanny+N%C3%B3brega+%7C+Arquitetura+e+Interiores+%7C+Goi%C3%A2nia/data=!4m7!3m6!1s0x9de7293e81f597d:0x563c957b0b317bc2!8m2!3d-16.6868874!4d-49.2399879!16s%2Fg%2F11wwpgnh_3!19sChIJfVkf6JNy3gkRwnsxC3uVPFY?authuser=0&hl=pt-BR&rclk=1","Studio illi | Roanny Nóbrega | Arquitetura e Interiores | Goiânia","5,0","(22)","Arquiteto","·","","7ª Avenida, 505 - Sala 02","·","Aberto","· Fecha 18:00","","(62) 98110-8804","https://linktr.ee/studioilli","","Website","","Rotas","https://ssl.gstatic.com/local/servicebusiness/default_user.png","""Excelente trabalho!""","",""
"https://www.google.com/maps/place/Victor+Tom%C3%A9+Arquitetura/data=!4m7!3m6!1s0x935ef120fb681607:0x5149644aea5c7cd4!8m2!3d-16.7107317!4d-49.2691411!16s%2Fg%2F11c6s6w48b!19sChIJBxZo-yDxXpMR1Hxc6kpkSVE?authuser=0&hl=pt-BR&rclk=1","Victor Tomé Arquitetura","5,0","(7)","Arquiteto","·","","·","Galeria Epic City - Av. T-5, 467 - Sala 3","Fecha em breve","· 17:00 · Abre seg. às 08:00","","","https://vtarquitetura.com.br/","","Website","","Rotas","","Agendamento on-line","Serviços indisponíveis no local",""
"https://www.google.com/maps/place/Golden+Arquitetura/data=!4m7!3m6!1s0x935ef1adfdc64c0b:0xdca482f49b8e2a0f!8m2!3d-16.6980869!4d-49.2213414!16s%2Fg%2F11t42kkgr0!19sChIJC0zG_a3xXpMRDyqOm_SCpNw?authuser=0&hl=pt-BR&rclk=1","Golden Arquitetura","5,0","(9)","Escritório de Arquitetura","·","","·","R. 1, n° 353 - Qd.B Lt. 06 Casa 01","Aberto","· Fecha 18:00","·","(62) 98117-4673","https://www.goldenarquitetura.com/","","Website","","Rotas","https://ssl.gstatic.com/local/servicebusiness/default_user.png","""Foco no cliente, excelente repertório e conhecimento técnico.""","",""
"https://www.google.com/maps/place/Boma+Arquitetos/data=!4m7!3m6!1s0x935ef56f87e90227:0x6d2d37a0b29460b7!8m2!3d-16.6976418!4d-49.2813304!16s%2Fg%2F11h030t2f_!19sChIJJwLph2_1XpMRt2CUsqA3LW0?authuser=0&hl=pt-BR&rclk=1","Boma Arquitetos","5,0","(13)","Arquiteto","·","","·","Térreo, Av. C-197, 285","Fecha em breve","· 17:00 · Abre seg. às 09:00","·","(62) 99964-3514","https://www.instagram.com/arqboma/","","Website","","Rotas","https://ssl.gstatic.com/local/servicebusiness/default_user.png","""Contratei para projeto de clínica, amei tudo""","",""
"https://www.google.com/maps/place/Arquitetura+%26+Interiores/data=!4m7!3m6!1s0x935ef124e5c71177:0x56f02ead4cb55479!8m2!3d-16.7079942!4d-49.2706447!16s%2Fg%2F1pzqqt_7z!19sChIJdxHH5STxXpMReVS1TK0u8FY?authuser=0&hl=pt-BR&rclk=1","Arquitetura & Interiores","","","Arquiteto","·","","·","Galeria Pátio do Lago - Av. T-3, 2673 - SALA 22","Aberto","· Fecha 18:00","·","(62) 3259-1742","","","Rotas","","","","","",""
"https://www.google.com/maps/place/Thais+Prado+Arquitetura+Goi%C3%A2nia+-+Projetos+em+Tijolos+Ecol%C3%B3gicos/data=!4m7!3m6!1s0x935ef1ab2edd92db:0x86959dc5cab30d28!8m2!3d-16.6963695!4d-49.277233!16s%2Fg%2F11xdw2ybw_!19sChIJ25LdLqvxXpMRKA2zysWdlYY?authuser=0&hl=pt-BR&rclk=1","Thais Prado Arquitetura Goiânia - Projetos em Tijolos Ecológicos","5,0","(10)","Escritório de arquitetura de interiores","·","","Av. T-2, 1290","·","Aberto","· Fecha 18:00","","(62) 99984-9905","https://arqthaisprado.com.br/","","Website","","Rotas","https://ssl.gstatic.com/local/servicebusiness/default_user.png","""Thais é uma","arquiteta","muito atenciosa e dedicada!"""
"https://www.google.com/maps/place/Norden+Arquitetura/data=!4m7!3m6!1s0x935ef1271afc10d3:0x138f98302f55726e!8m2!3d-14.4095262!4d-51.31668!16s%2Fg%2F11bzq380p9!19sChIJ0xD8GifxXpMRbnJVLzCYjxM?authuser=0&hl=pt-BR&rclk=1","Norden Arquitetura","4,9","(50)","Arquiteto","","","","","Aberto","· Fecha 18:00","","","http://norden.arq.br/","","Website","","Rotas","https://ssl.gstatic.com/local/servicebusiness/default_user.png","""Projetos incríveis elaborados por excelentes profissionais.""","",""
"https://www.google.com/maps/place/Dani+Costa+Arquitetura/data=!4m7!3m6!1s0x935ef1a8fe4a0481:0x829b61fcc7dbf97d!8m2!3d-16.70147!4d-49.24081!16s%2Fg%2F11bbt53zh8!19sChIJgQRK_qjxXpMRffnbx_xhm4I?authuser=0&hl=pt-BR&rclk=1","Dani Costa Arquitetura","","","Arquiteto","·","","515 Rua 54","Fecha em breve","· 17:00 · Abre seg. às 09:00","","","","https://www.google.com/aclk?sa=L&ai=DChsSEwi1-In3uaqUAxWaQUgAHRotFLMYACICCAEQABoCY2U&co=1&ase=2&gclid=EAIaIQobChMItfiJ97mqlAMVmkFIAB0aLRSzEBAYASAAEgLjXfD_BwE&cid=CAASugHkaMYa78U8Pt6HOyx7AlIFGZMoLITTa7eej9ddoqsOsJ73kRzJn-ccUZbe9kzaFLBkiPnP-54Qnb3SIK7fvMpS8MAiE8Sa0SRHjP4ricksRl-CLU_L2XbAuMfSmEtZAFLJemQzsQ4IyWrmap4j5u7J1efUQEST_EefVTPyjpnXwnC05w-D1j2nT9lGih6kCxcuS69fm-ZGkdpfpBjmXa7NXwk66gM5cPFra-Pp7H_P5ugmaBSfW8ePoPU&cce=2&category=acrcp_v1_32&sig=AOD64_2uslDxxz0f5zPSNNcyBh6J8MZGJg&adurl&q&ctype=99&nis=5","","Website","","Rotas","","","",""
"https://www.google.com/maps/place/Dani+Costa+Arquitetura/data=!4m7!3m6!1s0x935ef1a8fe4a0481:0x829b61fcc7dbf97d!8m2!3d-16.70147!4d-49.24081!16s%2Fg%2F11bbt53zh8!19sChIJgQRK_qjxXpMRffnbx_xhm4I?authuser=0&hl=pt-BR&rclk=1","Dani Costa Arquitetura","","","Arquiteto","·","","515 Rua 54","Fecha em breve","· 17:00 · Abre seg. às 09:00","","","","https://www.google.com/aclk?sa=L&ai=DChsSEwiLxbW9uqqUAxVAVUgAHUWFJ3EYACICCAEQABoCY2U&co=1&ase=2&gclid=EAIaIQobChMIi8W1vbqqlAMVQFVIAB1FhSdxEBAYASAAEgIyV_D_BwE&cid=CAASugHkaHbVtrpeVeWVLUkAYGmEI_r6n8IGheFVt9sS4PwtROLjbr9Q1bM4ot09RbPaY-gh5SFjpmSrH_ZLVUwHXFZuXXXpdNTahFvdn29q0lDdWHG976EqLDGlKe_ImdCPIGYCDYHvlCgMr3TR-h9z01mbAwvCnZWmld_ZlP_rNGltk1o25DX9OLAHcfA3ibZmvqty9orDBvA1_4gn0_KSd6Ibscr5TSpwl_YjhOTZGuyEEv-d6j_pl4US_0A&cce=2&category=acrcp_v1_32&sig=AOD64_2neybcSSXnEr3lo8XnbB5H9rBFkA&adurl&q&ctype=99&nis=5","","Website","","Rotas","","","",""
"https://www.google.com/maps/place/S%C3%A1+%7C+Spessatto+Arquitetura+e+Interiores/data=!4m7!3m6!1s0x935ef110e31406af:0xa3b6e4d8268f386b!8m2!3d-16.7028979!4d-49.2726528!16s%2Fg%2F11b8t7nlcs!19sChIJrwYU4xDxXpMRaziPJtjktqM?authuser=0&hl=pt-BR&rclk=1","Sá | Spessatto Arquitetura e Interiores","4,9","(11)","Arquiteto","·","","·","Av. T-2, 471","Aberto","· Fecha 18:00","·","(62) 3100-1984","http://www.saspessatto.com/","","Website","","Rotas","https://ssl.gstatic.com/local/servicebusiness/default_user.png","""Profissionalismo, criatividade  e organização acima de tudo!""","",""
"https://www.google.com/maps/place/dayala+e+rafael+arquitetos+associados/data=!4m7!3m6!1s0x935ef3e330cd5dad:0xba653b7cd6ea287d!8m2!3d-16.6747573!4d-49.2733511!16s%2Fg%2F12hn7c105!19sChIJrV3NMOPzXpMRfSjq1nw7Zbo?authuser=0&hl=pt-BR&rclk=1","dayala e rafael arquitetos associados","5,0","(7)","Arquiteto","·","","R. 31-A, 105 - sala 6","·","Aberto","· Fecha 18:00","","(62) 3229-9921","http://www.dayalaerafael.com.br/","","Website","","Rotas","","","",""
"https://www.google.com/maps/place/Ateli%C3%AA+Arquitetura+Goi%C3%A2nia/data=!4m7!3m6!1s0x935ef1d1cacda61b:0x15aefb04608b489b!8m2!3d-16.6901125!4d-49.2830736!16s%2Fg%2F11gk8x6s96!19sChIJG6bNytHxXpMRm0iLYAT7rhU?authuser=0&hl=pt-BR&rclk=1","Ateliê Arquitetura Goiânia","5,0","(1)","Arquiteto","·","","Av. T-6 c/ T-2 nº 461 - Qd.01 Lt. 05","","","","","(62) 99631-5535","","","Rotas","","","","","",""
"https://www.google.com/maps/place/Lanzarq+Arquitetura+e+Urbanismo/data=!4m7!3m6!1s0x935ef127b255de55:0x6c6d42f17f64e298!8m2!3d-16.7134399!4d-49.2716799!16s%2Fg%2F1ptxfsty3!19sChIJVd5VsifxXpMRmOJkf_FCbWw?authuser=0&hl=pt-BR&rclk=1","Lanzarq Arquitetura e Urbanismo","4,7","(10)","Arquiteto","·","","·","R. C-259, 55 - qd 582 lt.18","Aberto","· Fecha 18:00","·","(62) 3624-3999","","","Rotas","","","","","",""
"https://www.google.com/maps/place/William+Hanna+Arquitetura/data=!4m7!3m6!1s0x935ef0de830e7d3f:0x89ca966bf1da36b8!8m2!3d-16.7027275!4d-49.2727623!16s%2Fg%2F11bw67n19c!19sChIJP30Og97wXpMRuDba8WuWyok?authuser=0&hl=pt-BR&rclk=1","William Hanna Arquitetura","5,0","(14)","Arquiteto","·","","·","esq - Focus Business Center - Av. T-2, Av. T-9, 471 - Sala 1805","Fecha em breve","· 17:00 · Abre seg. às 08:00","·","(62) 99901-8412","","","Rotas","","","https://ssl.gstatic.com/local/servicebusiness/default_user.png","""Escritório incrivel""","",""
"https://www.google.com/maps/place/Fellipe+Fernandes+-+Arquitetura+e+Interiores/data=!4m7!3m6!1s0x935e85ce20f82f99:0xa8d8476597bf590f!8m2!3d-16.7054851!4d-49.2714306!16s%2Fg%2F11rr2d71h5!19sChIJmS_4IM6FXpMRD1m_l2VH2Kg?authuser=0&hl=pt-BR&rclk=1","Fellipe Fernandes - Arquitetura e Interiores","5,0","(40)","Arquiteto","·","","·","R. T-55","","","","(62) 98403-0753","https://www.instagram.com/arqfellipefernandes/","","Website","","Rotas","https://ssl.gstatic.com/local/servicebusiness/default_user.png","""Excelência em interiores super aconchegantes, modernos e criativos!""","",""
"https://www.google.com/maps/place/Studio+Medeiros+Arquitetura+e+Design/data=!4m7!3m6!1s0x935ef158fb951ebf:0xc18f630eaf53a830!8m2!3d-16.7028979!4d-49.2726528!16s%2Fg%2F11hry__7zr!19sChIJvx6V-1jxXpMRMKhTrw5jj8E?authuser=0&hl=pt-BR&rclk=1","Studio Medeiros Arquitetura e Design","5,0","(7)","Arquiteto","·","","Av. T-2, 471","·","Aberto","· Fecha 18:00","","(62) 99264-2535","http://www.studiomedeiros.com.br/","","Website","","Rotas","https://ssl.gstatic.com/local/servicebusiness/default_user.png","""Um trabalho de alto nível, que recomendo com muita tranquilidade.""","",""
"https://www.google.com/maps/place/NEX+Arquitetura/data=!4m7!3m6!1s0x935ef1623e490fdd:0x81b60001e033b19a!8m2!3d-16.6911348!4d-49.2670697!16s%2Fg%2F11pvmcjz13!19sChIJ3Q9JPmLxXpMRmrEz4AEAtoE?authuser=0&hl=pt-BR&rclk=1","NEX Arquitetura","5,0","(17)","Arquiteto","·","","·","Galeria Suyá - Av. D, 466 - Sala 20","Fecha em breve","· 17:00 · Abre seg. às 09:00","·","(62) 3928-1890","https://www.instagram.com/arquiteturanex/","","Website","","Rotas","https://ssl.gstatic.com/local/servicebusiness/default_user.png","""São super rápidas nas etapas de entregas, são atenciosas, detalhistas.""","",""
"https://www.google.com/maps/place/ARQDUE+Arquitetura/data=!4m7!3m6!1s0x935ef3cdfe9b6c19:0xe53ee40560def635!8m2!3d-16.6623958!4d-49.2485215!16s%2Fg%2F11c6pmmxvx!19sChIJGWyb_s3zXpMRNfbeYAXkPuU?authuser=0&hl=pt-BR&rclk=1","ARQDUE Arquitetura","5,0","(20)","Escritório de arquitetura de interiores","·","","·","10ª Avenida, 374","Aberto","· Fecha 18:00","·","(62) 98145-3441","https://msha.ke/arqdue/","","Website","","Rotas","https://ssl.gstatic.com/local/servicebusiness/default_user.png","""Todo o atendimento e acompanhamento da obra também, só elogios!""","",""
"https://www.google.com/maps/place/BEZERRA+PANOBIANCO+Arquitetura+e+Design/data=!4m7!3m6!1s0x935ef11230214d83:0xad7b5e20a26cad67!8m2!3d-16.6971616!4d-49.2557243!16s%2Fg%2F11f_3xdml0!19sChIJg00hMBLxXpMRZ61soiBee60?authuser=0&hl=pt-BR&rclk=1","BEZERRA PANOBIANCO Arquitetura e Design","5,0","(13)","Escritório da empresa","·","","·","Ed. Nasa Business Style - Av. 136, 761 - Sala 02","Aberto","· Fecha 18:00","·","(62) 3642-5900","https://www.instagram.com/bezerrapanobianco","","Website","","Rotas","https://ssl.gstatic.com/local/servicebusiness/default_user.png","""É inspirador ver como conseguem transformar ideias em espaços incríveis.""","",""
"https://www.google.com/maps/place/Rodrigo+Ferreira+Arquitetura+e+Interiores/data=!4m7!3m6!1s0x935ef158dc48dd0f:0x49210bc991d73fb0!8m2!3d-16.6983607!4d-49.2649403!16s%2Fg%2F11td8cwlms!19sChIJD91I3FjxXpMRsD_XkckLIUk?authuser=0&hl=pt-BR&rclk=1","Rodrigo Ferreira Arquitetura e Interiores","5,0","(6)","Escritório de Arquitetura","·","","R. 9, 2309","·","Aberto","· Fecha 18:00","","(62) 99652-6946","http://www.rodrigoferreira.arq.br/","","Website","","Rotas","https://ssl.gstatic.com/local/servicebusiness/default_user.png","""A casa Pantanal ficou linda e sou muito grato por todo amor recebido!""","",""
"https://www.google.com/maps/place/WOO+Arquitetura/data=!4m7!3m6!1s0x935ef1acdd1d2053:0x163ef6b0e11c5fe8!8m2!3d-16.7066512!4d-49.2366527!16s%2Fg%2F11c1r1bkb_!19sChIJUyAd3azxXpMR6F8c4bD2PhY?authuser=0&hl=pt-BR&rclk=1","WOO Arquitetura","4,9","(7)","Arquiteto","·","","·","Ed. Flamboyant Park Business - Sala 2314","Aberto","· Fecha 18:00","·","(62) 98118-7766","http://www.woo.arq.br/","","Website","","Rotas","","","",""
"https://www.google.com/maps/place/Escrit%C3%B3rio+Giselle+Avelar+-+Arquiteta/data=!4m7!3m6!1s0x935ef1920d705447:0x8490635bff1e9b19!8m2!3d-16.6956491!4d-49.265936!16s%2Fg%2F11sx3wvxzc!19sChIJR1RwDZLxXpMRGZse_1tjkIQ?authuser=0&hl=pt-BR&rclk=1","Escritório Giselle Avelar - Arquiteta","5,0","(24)","Arquiteto","·","","·","RUA 09, ESQUINA COM RUA 36, Nº 1824 QD G-17, LT 01, GALERIA MOENDA, SALA 07","Fecha em breve","· 17:00 · Abre seg. às 09:00","·","(62) 98249-9909","http://www.giselleavelar.com.br/","","Website","","Rotas","https://ssl.gstatic.com/local/servicebusiness/default_user.png","""O melhor lugar, você chega com sonhos e os realiza!""","",""
"https://www.google.com/maps/place/Grupo+Akazi+%7C+Arquitetura+Comercial+e+Corporativa/data=!4m7!3m6!1s0x6e2665f35f1de6cd:0x56270042df923475!8m2!3d-16.7038185!4d-49.2422937!16s%2Fg%2F11swzq1tsl!19sChIJzeYdX_NlJm4RdTSS30IAJ1Y?authuser=0&hl=pt-BR&rclk=1","Grupo Akazi | Arquitetura Comercial e Corporativa","5,0","(23)","Escritório de Arquitetura","·","","Ed. New Business Style - Av. Dep. Jamel Cecílio, 2496","·","Aberto","· Fecha 18:00","","(62) 99676-4343","https://grupoakazi.com.br/","","Website","","Rotas","https://ssl.gstatic.com/local/servicebusiness/default_user.png","""Ótima empresa, com excelente custo benefício e projetos excelentes""","",""
"https://www.google.com/maps/place/Maj%C3%B4+Arquitetura+e+Interiores/data=!4m7!3m6!1s0xee23b01a3b1ecb9:0xe64d48e3ca956f20!8m2!3d-16.6894036!4d-49.2771528!16s%2Fg%2F11shj_zsvr!19sChIJueyxowE74g4RIG-VyuNITeY?authuser=0&hl=pt-BR&rclk=1","Majô Arquitetura e Interiores","5,0","(17)","Escritório de arquitetura de interiores","·","","·","R. T-47, 369","Aberto","· Fecha 18:00","·","(62) 99842-1213","https://sites.google.com/view/majoarquitetura/contato","","Website","","Rotas","https://ssl.gstatic.com/local/servicebusiness/default_user.png","""As arquitetas super atenciosas e detalhistas!""","",""
"https://www.google.com/maps/place/Stand+3S+Arquitetura+Comercial/data=!4m7!3m6!1s0x935ef192610f9b1d:0x55dd0d30a087344c!8m2!3d-16.6834039!4d-49.266449!16s%2Fg%2F11smwgh1m0!19sChIJHZsPYZLxXpMRTDSHoDAN3VU?authuser=0&hl=pt-BR&rclk=1","Stand 3S Arquitetura Comercial","5,0","(20)","Escritório da empresa","·","","·","Ed. Empire Center - R. 6, 370 - Sala 608","Aberto","· Fecha 18:00","·","(62) 99449-2122","https://www.arquiteturadeloja.com/","","Website","","Rotas","https://ssl.gstatic.com/local/servicebusiness/default_user.png","""Stand 3S é uma empresa de referência em Projetos de","Arquitetura","!"""
"https://www.google.com/maps/place/Lu%C3%ADs+Tortola+Arquitetura+para+Franquias/data=!4m7!3m6!1s0x935ef145950a1d5d:0x6a0a1ce60ca2b062!8m2!3d-16.6907553!4d-49.2725876!16s%2Fg%2F11g6977jcv!19sChIJXR0KlUXxXpMRYrCiDOYcCmo?authuser=0&hl=pt-BR&rclk=1","Luís Tortola Arquitetura para Franquias","4,9","(12)","Escritório de arquitetura de interiores","·","","·","R. 22, 876","Aberto","· Fecha 19:00","·","(62) 4016-2002","http://luistortola.com.br/","","Website","","Rotas","https://ssl.gstatic.com/local/servicebusiness/default_user.png","""Atuação em toda a América Latina.""","",""
"https://www.google.com/maps/place/Projetos+Arquitetura+El%C3%A9trico/data=!4m7!3m6!1s0x935ef6f8510361ad:0x339d586b5eb4dc4a!8m2!3d-16.7205396!4d-49.3226322!16s%2Fg%2F11fl9djtmx!19sChIJrWEDUfj2XpMRSty0XmtYnTM?authuser=0&hl=pt-BR&rclk=1","Projetos Arquitetura Elétrico","5,0","(1)","Arquiteto","·","","R. D-23","","","","","","","","Rotas","","","https://ssl.gstatic.com/local/servicebusiness/default_user.png","""Excelente profissional com muita seriedade e qualidade""","",""
"https://www.google.com/maps/place/Rhayanne+Kuckelhaus+arquitetura+e+interiores/data=!4m7!3m6!1s0x935ef1d228caf565:0xf356324861be580d!8m2!3d-16.7096308!4d-49.2663227!16s%2Fg%2F11j0qzs_6y!19sChIJZfXKKNLxXpMRDVi-YUgyVvM?authuser=0&hl=pt-BR&rclk=1","Rhayanne Kuckelhaus arquitetura e interiores","4,7","(13)","Arquiteto","·","","·","edifício connect - Av. T-12, 35 - sala 402","Aberto","· Fecha 18:00","·","(62) 98111-4254","","","Rotas","","","","Agendamento on-line","Serviços indisponíveis no local",""
"","","","","","","","","","","","","","","","","","","","","",""
"https://www.google.com/maps/place/Arquitetura+Zinco/data=!4m7!3m6!1s0x935ef1c79eeb3907:0x42474d739a4ea641!8m2!3d-16.6836371!4d-49.2648618!16s%2Fg%2F11z0wldwfy!19sChIJBznrnsfxXpMRQaZOmnNNR0I?authuser=0&hl=pt-BR&rclk=1","Arquitetura Zinco","","","Arquiteto","·","","Ed The Prime Office - R. 5, N 691","·","Aberto","· Fecha 19:00","","(62) 99816-6202","https://arqzinco.com.br/","","Website","","Rotas","","","",""
"https://www.google.com/maps/place/Tayn%C3%A1+Gon%C3%A7alves+Arquitetura/data=!4m7!3m6!1s0x935ef48f7516b755:0xaae49ad11af5e5da!8m2!3d-16.690048!4d-49.2724404!16s%2Fg%2F11f101_grv!19sChIJVbcWdY_0XpMR2uX1GtGa5Ko?authuser=0&hl=pt-BR&rclk=1","Tayná Gonçalves Arquitetura","4,5","(18)","Arquiteto","·","","·","Galeria R11 - R. R-11, n: 870 - Sala 203","Aberto","· Fecha 18:00","·","(62) 99262-1550","http://taynagoncalves.com/","","Website","","Rotas","https://ssl.gstatic.com/local/servicebusiness/default_user.png","""Profissional atenta às novidades e ao aproveitamento de cada cantinho.""","",""
"https://www.google.com/maps/place/Del+Papa+Arquitetura/data=!4m7!3m6!1s0x935ef13a1f50cad3:0x81a6abdd40999328!8m2!3d-16.7021491!4d-49.2727557!16s%2Fg%2F1pxwtpqpv!19sChIJ08pQHzrxXpMRKJOZQN2rpoE?authuser=0&hl=pt-BR&rclk=1","Del Papa Arquitetura","4,8","(8)","Arquiteto","·","","Quadra 82 - Lote 13 - Avenida T-9, 116","·","Aberto","· Fecha 19:00","","(62) 3091-1800","","","Rotas","","","","","",""
"https://www.google.com/maps/place/Carr%C3%A9+Arquitetura/data=!4m7!3m6!1s0x935ef1cbc1190eeb:0x694b8d892c3a3de8!8m2!3d-16.7017362!4d-49.2735427!16s%2Fg%2F11g0g8jf8j!19sChIJ6w4ZwcvxXpMR6D06LImNS2k?authuser=0&hl=pt-BR&rclk=1","Carré Arquitetura","5,0","(7)","Escritório da empresa","·","","·","Av. T-2, 607","Aberto","· Fecha 18:00","·","(62) 3091-5541","http://www.carrearquitetura.com.br/","","Website","","Rotas","","","",""
"https://www.google.com/maps/place/Stella+Arquitetura+e+Design/data=!4m7!3m6!1s0x935ef17ffc4800ab:0x81bead1267c6887f!8m2!3d-16.7061832!4d-49.2406144!16s%2Fg%2F11l2fpq3_j!19sChIJqwBI_H_xXpMRf4jGZxKtvoE?authuser=0&hl=pt-BR&rclk=1","Stella Arquitetura e Design","5,0","(11)","Arquiteto","·","","·","JK New Concept Business - Av. E, 1470 - sala 714","Aberto","· Fecha 18:00","·","(62) 99664-4803","","","Rotas","","","https://ssl.gstatic.com/local/servicebusiness/default_user.png","""Amei o atendimento e o trabalho da Stella","Arquitetura","e Design!"""
"https://www.google.com/maps/place/Jo%C3%A3o+Foga%C3%A7a+Arquitetura/data=!4m7!3m6!1s0x935ef129479f28d9:0x7cb9dd648e46b814!8m2!3d-16.7135142!4d-49.2779478!16s%2Fg%2F11cmsy5z58!19sChIJ2SifRynxXpMRFLhGjmTduXw?authuser=0&hl=pt-BR&rclk=1","João Fogaça Arquitetura","4,4","(11)","Arquiteto","·","","R. C-182 Esq com C- 139 - Nova Qd. 569 lote 04","·","Aberto","· Fecha 18:00","","(62) 3285-2067","","","Rotas","","","","","",""
"https://www.google.com/maps/place/Aline+Di+Prado+Arquitetura+%7C+DiP+Arquitetura+-+Goi%C3%A2nia/data=!4m7!3m6!1s0xbee9f7797124c9f:0xd400e28bc5becd04!8m2!3d-16.971847!4d-49.5287864!16s%2Fg%2F11nb4cdlwy!19sChIJn0wSl3ef7gsRBM2-xYviANQ?authuser=0&hl=pt-BR&rclk=1","Aline Di Prado Arquitetura | DiP Arquitetura - Goiânia","5,0","(1)","Escritório de Arquitetura","","","·","","Aberto","· Fecha 18:00","","(62) 98201-7189","","","Rotas","","","https://ssl.gstatic.com/local/servicebusiness/default_user.png","""Grande","arquiteta","com uma mentalidade divina."""
"https://www.google.com/maps/place/Natalia+Veloso+Arquitetura+%26+Interior+Design/data=!4m7!3m6!1s0x935ef1452a31490f:0x6fa24683f98874b6!8m2!3d-16.6876724!4d-49.2714486!16s%2Fg%2F1pw3xnsr_!19sChIJD0kxKkXxXpMRtnSI-YNGom8?authuser=0&hl=pt-BR&rclk=1","Natalia Veloso Arquitetura & Interior Design","5,0","(7)","Arquiteto","·","","·","R. 17, 31","Aberto","· Fecha 18:00","·","(62) 3251-8989","http://www.nataliaveloso.com.br/","","Website","","Rotas","https://ssl.gstatic.com/local/servicebusiness/default_user.png","""Excelente profissional!""","",""
"https://www.google.com/maps/place/PSJ+Arquitetura+%26+Constru%C3%A7%C3%A3o/data=!4m7!3m6!1s0x935ef127100bc4bd:0xa44489df71711b2f!8m2!3d-16.7139016!4d-49.270783!16s%2Fg%2F11bbrmdbq4!19sChIJvcQLECfxXpMRLxtxcd-JRKQ?authuser=0&hl=pt-BR&rclk=1","PSJ Arquitetura & Construção","5,0","(1)","Arquiteto","·","","·","Av. T-63, 1296","Aberto","· Fecha 18:00","·","(62) 3922-6333","","","Rotas","","","","Serviços no local","Agendamento on-line",""
"https://www.google.com/maps/place/Argumento+Arquitetura/data=!4m7!3m6!1s0x935ef172c433d995:0x51915dc4458987a7!8m2!3d-16.6913245!4d-49.2519101!16s%2Fg%2F1pzsc1gjd!19sChIJldkzxHLxXpMRp4eJRcRdkVE?authuser=0&hl=pt-BR&rclk=1","Argumento Arquitetura","4,5","(4)","Arquiteto","·","","·","R. 123, 55","Aberto","· Fecha 18:00","·","(62) 3274-2010","http://argumento.arq.br/","","Website","","Rotas","","","",""
"https://www.google.com/maps/place/Mariana+de+Carvalho+Arquitetura/data=!4m7!3m6!1s0x935ef1280c19378d:0x38f988613f917ce4!8m2!3d-16.6839383!4d-49.2644738!16s%2Fg%2F11cs3gc7kl!19sChIJjTcZDCjxXpMR5HyRP2GI-Tg?authuser=0&hl=pt-BR&rclk=1","Mariana de Carvalho Arquitetura","5,0","(2)","Arquiteto","·","","Edificio The Prime Tamandaré - Rua 5, Office","·","Aberto","· Fecha 18:00","","(62) 99205-8474","","","Rotas","","","","","",""
"https://www.google.com/maps/place/Voguz+Arquitetura+e+Urbanismo/data=!4m7!3m6!1s0x935ef13cb7fffb0d:0xe4f52a256a267e83!8m2!3d-16.71299!4d-49.2666504!16s%2Fg%2F1hf3w3c_c!19sChIJDfv_tzzxXpMRg34maiUq9eQ?authuser=0&hl=pt-BR&rclk=1","Voguz Arquitetura e Urbanismo","5,0","(2)","Arquiteto","·","","·","Buena Vista Office Design - Av. T-4 619, sala 310 Edifício","Aberto","· Fecha 18:00","·","(62) 4003-8039","http://www.voguz.com/brasil/goiania","","Website","","Rotas","","Serviços no local","",""
"https://www.google.com/maps/place/Fl%C3%A1via+Almeida+Arquitetura/data=!4m7!3m6!1s0x935ef16891e6a7f7:0x21bd4c7fa3dc3336!8m2!3d-16.6833804!4d-49.2646!16s%2Fg%2F11cs4kk0d5!19sChIJ96fmkWjxXpMRNjPco39MvSE?authuser=0&hl=pt-BR&rclk=1","Flávia Almeida Arquitetura","5,0","(2)","Arquiteto","·","","·","R. 5, 691","Aberto","· Fecha 18:00","·","(62) 98136-3092","http://www.arquitetaflaviaalmeida.com.br/?page_id=13","","Website","","Rotas","","","",""
"https://www.google.com/maps/place/Juliana+Resende+Arquitetura/data=!4m7!3m6!1s0x935ef14f996de581:0x2ae46f3988fe1119!8m2!3d-16.6900806!4d-49.2750168!16s%2Fg%2F11f4qltqm6!19sChIJgeVtmU_xXpMRGRH-iDlv5Co?authuser=0&hl=pt-BR&rclk=1","Juliana Resende Arquitetura","5,0","(1)","Arquiteto","·","","·","Av. T-7, 371 - 1806","Aberto","· Fecha 18:00","·","(62) 3638-2106","http://julianaresendearquitetura.com/","","Website","","Rotas","","","",""
"https://www.google.com/maps/place/Araguaia+Arquitetura/data=!4m7!3m6!1s0x4b66f2ab7b803637:0x42b1c93ed50a13ed!8m2!3d-16.6893995!4d-49.2252939!16s%2Fg%2F11vw_whj1w!19sChIJNzaAe6vyZksR7RMK1T7JsUI?authuser=0&hl=pt-BR&rclk=1","Araguaia Arquitetura","5,0","(4)","Arquiteto","·","","R. Cruz Alta, 372","·","Aberto","· Fecha 19:00","","(62) 98190-6066","https://www.instagram.com/rafaelaraujo.arq/","","Website","","Rotas","https://ssl.gstatic.com/local/servicebusiness/default_user.png","""Fez um projeto do meu agrado, gostei bastante do profissionalismo!""","",""
"https://www.google.com/maps/place/Giselle+Motta+Arquitetura/data=!4m7!3m6!1s0x935ef1122faebe7b:0xf575516ef2dae42e!8m2!3d-16.6974417!4d-49.2557678!16s%2Fg%2F11c0ptrs5l!19sChIJe76uLxLxXpMRLuTa8m5RdfU?authuser=0&hl=pt-BR&rclk=1","Giselle Motta Arquitetura","5,0","(1)","Escritório de Arquitetura","·","","·","Av. 136, 775-783","Aberto","· Fecha 18:30","·","(62) 3281-1201","","","Rotas","","","https://ssl.gstatic.com/local/servicebusiness/default_user.png","""Parabéns pelo trabalho moderno, seguro e responsável.""","",""
"https://www.google.com/maps/place/Unyt+Arquitetura+de+Resultados/data=!4m7!3m6!1s0x935ef11100390103:0xfff2e6ea6efe9870!8m2!3d-16.7045563!4d-49.2398795!16s%2Fg%2F11bw5zv_mt!19sChIJAwE5ABHxXpMRcJj-burm8v8?authuser=0&hl=pt-BR&rclk=1","Unyt Arquitetura de Resultados","5,0","(6)","Arquiteto","·","","·","Av. Dep. Jamel Cecílio, 2929","Aberto","· Fecha 18:00","·","(62) 3285-4085","http://www.unyt.com.br/","","Website","","Rotas","","","",""
"https://www.google.com/maps/place/Costa+Campos+Arquitetura/data=!4m7!3m6!1s0x935ef1d3f71c23f3:0x7df52e0c4b416478!8m2!3d-16.7095061!4d-49.2663761!16s%2Fg%2F11sr31c_p0!19sChIJ8yMc99PxXpMReGRBSwwu9X0?authuser=0&hl=pt-BR&rclk=1","Costa Campos Arquitetura","5,0","(2)","Escritório de arquitetura de interiores","·","","·","Connect Park Business - Av. T-12, Sala 607","Aberto","· Fecha 19:00","·","(62) 98155-8834","https://www.instagram.com/costacampos.arq/","","Website","","Rotas","https://ssl.gstatic.com/local/servicebusiness/default_user.png","""Consegue ver o cliente como um todo.""","",""
"https://www.google.com/maps/place/3S+Arquitetura+M%C3%A9dica/data=!4m7!3m6!1s0x935ef10011c7bbab:0xf953ea2b3615bf80!8m2!3d-16.6832574!4d-49.2663103!16s%2Fg%2F11m67gd987!19sChIJq7vHEQDxXpMRgL8VNivqU_k?authuser=0&hl=pt-BR&rclk=1","3S Arquitetura Médica","5,0","(1)","Escritório da empresa","·","","R. 6, 370 - Sala 608A","·","Aberto","· Fecha 18:00","","(62) 99449-2122","http://www.arquiteturaparaclinicas.com.br/","","Website","","Rotas","https://ssl.gstatic.com/local/servicebusiness/default_user.png","""A 3S","arquitetura","médica é a melhor, sem dúvidas!"""
"https://www.google.com/maps/place/Arquitetura+Ilimitada/data=!4m7!3m6!1s0x935ef14459158d05:0x1e4657dd57246787!8m2!3d-16.6897863!4d-49.2705823!16s%2Fg%2F11b87w999s!19sChIJBY0VWUTxXpMRh2ckV91XRh4?authuser=0&hl=pt-BR&rclk=1","Arquitetura Ilimitada","5,0","(1)","Arquiteto","·","","R. João de Abreu, 663","·","Aberto","· Fecha 18:00","","(62) 98422-6898","","","Rotas","","","","","",""
"https://www.google.com/maps/place/Araguaia+Arquitetura/data=!4m7!3m6!1s0x4b66f2ab7b803637:0x42b1c93ed50a13ed!8m2!3d-16.6893995!4d-49.2252939!16s%2Fg%2F11vw_whj1w!19sChIJNzaAe6vyZksR7RMK1T7JsUI?authuser=0&hl=pt-BR&rclk=1","Araguaia Arquitetura","5,0","(4)","Arquiteto","·","","R. Cruz Alta, 372","·","Aberto","· Fecha 19:00","","(62) 98190-6066","http://www.unyt.com.br/","","Website","","Rotas","","","",""
"https://www.google.com/maps/place/Giselle+Motta+Arquitetura/data=!4m7!3m6!1s0x935ef1122faebe7b:0xf575516ef2dae42e!8m2!3d-16.6974417!4d-49.2557678!16s%2Fg%2F11c0ptrs5l!19sChIJe76uLxLxXpMRLuTa8m5RdfU?authuser=0&hl=pt-BR&rclk=1","Giselle Motta Arquitetura","5,0","(1)","Escritório de Arquitetura","·","","·","Av. 136, 775-783","Aberto","· Fecha 18:30","·","(62) 3281-1201","https://www.instagram.com/costacampos.arq/","","Rotas","","Website","https://ssl.gstatic.com/local/servicebusiness/default_user.png","""Parabéns pelo trabalho moderno, seguro e responsável.""","",""
"https://www.google.com/maps/place/Unyt+Arquitetura+de+Resultados/data=!4m7!3m6!1s0x935ef11100390103:0xfff2e6ea6efe9870!8m2!3d-16.7045563!4d-49.2398795!16s%2Fg%2F11bw5zv_mt!19sChIJAwE5ABHxXpMRcJj-burm8v8?authuser=0&hl=pt-BR&rclk=1","Unyt Arquitetura de Resultados","5,0","(6)","Arquiteto","·","","·","Av. Dep. Jamel Cecílio, 2929","Aberto","· Fecha 18:00","·","(62) 3285-4085","http://www.unyt.com.br/","","Website","","Rotas","https://ssl.gstatic.com/local/servicebusiness/default_user.png","""A 3S","arquitetura","médica é a melhor, sem dúvidas!"""
"https://www.google.com/maps/place/Costa+Campos+Arquitetura/data=!4m7!3m6!1s0x935ef1d3f71c23f3:0x7df52e0c4b416478!8m2!3d-16.7095061!4d-49.2663761!16s%2Fg%2F11sr31c_p0!19sChIJ8yMc99PxXpMReGRBSwwu9X0?authuser=0&hl=pt-BR&rclk=1","Costa Campos Arquitetura","5,0","(2)","Escritório de arquitetura de interiores","·","","·","Connect Park Business - Av. T-12, Sala 607","Aberto","· Fecha 19:00","·","(62) 98155-8834","","","","","Rotas","","","",""
"https://www.google.com/maps/place/3S+Arquitetura+M%C3%A9dica/data=!4m7!3m6!1s0x935ef10011c7bbab:0xf953ea2b3615bf80!8m2!3d-16.6832574!4d-49.2663103!16s%2Fg%2F11m67gd987!19sChIJq7vHEQDxXpMRgL8VNivqU_k?authuser=0&hl=pt-BR&rclk=1","3S Arquitetura Médica","5,0","(1)","Escritório da empresa","·","","R. 6, 370 - Sala 608A","·","Aberto","· Fecha 18:00","","(62) 99449-2122","https://www.google.com/aclk?sa=L&ai=DChsSEwi1-In3uaqUAxWaQUgAHRotFLMYACICCAEQABoCY2U&co=1&ase=2&gclid=EAIaIQobChMItfiJ97mqlAMVmkFIAB0aLRSzEBAYASAAEgLjXfD_BwE&cid=CAASugHkaMYa78U8Pt6HOyx7AlIFGZMoLITTa7eej9ddoqsOsJ73kRzJn-ccUZbe9kzaFLBkiPnP-54Qnb3SIK7fvMpS8MAiE8Sa0SRHjP4ricksRl-CLU_L2XbAuMfSmEtZAFLJemQzsQ4IyWrmap4j5u7J1efUQEST_EefVTPyjpnXwnC05w-D1j2nT9lGih6kCxcuS69fm-ZGkdpfpBjmXa7NXwk66gM5cPFra-Pp7H_P5ugmaBSfW8ePoPU&cce=2&category=acrcp_v1_32&sig=AOD64_2uslDxxz0f5zPSNNcyBh6J8MZGJg&adurl&q&ctype=99&nis=5","","Website","","Rotas","https://ssl.gstatic.com/local/servicebusiness/default_user.png","""A 3S","arquitetura","médica é a melhor, sem dúvidas!"""
"https://www.google.com/maps/place/Arquitetura+Ilimitada/data=!4m7!3m6!1s0x935ef14459158d05:0x1e4657dd57246787!8m2!3d-16.6897863!4d-49.2705823!16s%2Fg%2F11b87w999s!19sChIJBY0VWUTxXpMRh2ckV91XRh4?authuser=0&hl=pt-BR&rclk=1","Arquitetura Ilimitada","5,0","(1)","Arquiteto","·","","R. João de Abreu, 663","·","Aberto","· Fecha 18:00","","(62) 98422-6898","https://www.google.com/aclk?sa=L&ai=DChsSEwiLxbW9uqqUAxVAVUgAHUWFJ3EYACICCAEQABoCY2U&co=1&ase=2&gclid=EAIaIQobChMIi8W1vbqqlAMVQFVIAB1FhSdxEBAYASAAEgIyV_D_BwE&cid=CAASugHkaHbVtrpeVeWVLUkAYGmEI_r6n8IGheFVt9sS4PwtROLjbr9Q1bM4ot09RbPaY-gh5SFjpmSrH_ZLVUwHXFZuXXXpdNTahFvdn29q0lDdWHG976EqLDGlKe_ImdCPIGYCDYHvlCgMr3TR-h9z01mbAwvCnZWmld_ZlP_rNGltk1o25DX9OLAHcfA3ibZmvqty9orDBvA1_4gn0_KSd6Ibscr5TSpwl_YjhOTZGuyEEv-d6j_pl4US_0A&cce=2&category=acrcp_v1_32&sig=AOD64_2neybcSSXnEr3lo8XnbB5H9rBFkA&adurl&q&ctype=99&nis=5","","Rotas","","Website","","","",""
"https://www.google.com/maps/place/Isabel+J%C3%A1como+Arquitetura/data=!4m7!3m6!1s0x935ef1677757af3b:0xccbc3440420d48e8!8m2!3d-16.68888!4d-49.266078!16s%2Fg%2F11b6hwpq_d!19sChIJO69Xd2fxXpMR6EgNQkA0vMw?authuser=0&hl=pt-BR&rclk=1","Isabel Jácomo Arquitetura","5,0","(5)","Arquiteto","·","","·","R. João de Abreu","Aberto","· Fecha 18:00","·","(62) 3091-6262","http://www.ij.arq.br/","","Website","","Rotas","","","",""
"https://www.google.com/maps/place/Marcos+Gouv%C3%AAa+Arquitetura/data=!4m7!3m6!1s0x41c4cdd8c35732bf:0x83f018c2ddf36c5f!8m2!3d-16.7033776!4d-49.2645028!16s%2Fg%2F11nwxfv28f!19sChIJvzJXw9jNxEERX2zz3cIY8IM?authuser=0&hl=pt-BR&rclk=1","Marcos Gouvêa Arquitetura","5,0","(1)","Escritório de arquitetura de interiores","·","","·","Ed. Serra do Mar - Av. 85, 1440 - ap 302D","Aberto","· Fecha 18:00","·","(62) 99848-7066","","","Rotas","","","","","",""
"https://www.google.com/maps/place/Juliana+Paula+Arquitetura/data=!4m7!3m6!1s0x935eed2361839625:0x93271e10b33126dc!8m2!3d-16.7478141!4d-49.3302827!16s%2Fg%2F11j4s6r_mt!19sChIJJZaDYSPtXpMR3CYxsxAeJ5M?authuser=0&hl=pt-BR&rclk=1","Juliana Paula Arquitetura","5,0","(20)","Arquiteto","·","","R. Pres. Wilson, Qd. 61 - Lt.10, Casa 03 Casa 03 Casa 03","·","Fechado","· Abre seg. às 09:00","","(62) 99425-0428","https://www.instagram.com/julianapaulaarquitetura/","","Website","","Rotas","https://ssl.gstatic.com/local/servicebusiness/default_user.png","""Ótima","arquiteta",", cria os melhores projetos para o cliente."""
"https://www.google.com/maps/place/NYMB+Arquitetura+e+Interiores/data=!4m7!3m6!1s0x4c0150da759f0657:0x4d760064e052190a!8m2!3d-16.6835226!4d-49.2645542!16s%2Fg%2F11vbrs7zvr!19sChIJVwafddpQAUwRChlS4GQAdk0?authuser=0&hl=pt-BR&rclk=1","NYMB Arquitetura e Interiores","5,0","(2)","Arquiteto","·","","·","R. 5, 691","Aberto","· Fecha 18:00","·","(62) 99622-4848","https://www.instagram.com/nymbarquitetura","","Website","","Rotas","https://ssl.gstatic.com/local/servicebusiness/default_user.png","""Uma empresa séria e de qualidade impecável.""","",""
"https://www.google.com/maps/place/Giovanni+Borges+Arquitetura/data=!4m7!3m6!1s0x935ef147cc740b2d:0xb3df4646e6f699a6!8m2!3d-16.6959885!4d-49.2721473!16s%2Fg%2F11cjhl8_0r!19sChIJLQt0zEfxXpMRppn25kZG37M?authuser=0&hl=pt-BR&rclk=1","Giovanni Borges Arquitetura","5,0","(4)","Arquiteto","·","","R. T-27, 1095","·","Aberto","· Fecha 18:00","","(62) 99263-8390","","","Rotas","","","","Serviços no local","",""
"https://www.google.com/maps/place/Sammea+Vilarinho+Arquitetura/data=!4m7!3m6!1s0x935ef148f0d1432f:0xef21fd83375ddfc9!8m2!3d-16.6941884!4d-49.2662453!16s%2Fg%2F11vwr11fmf!19sChIJL0PR8EjxXpMRyd9dN4P9Ie8?authuser=0&hl=pt-BR&rclk=1","Sammea Vilarinho Arquitetura","5,0","(9)","Escritório de Arquitetura","·","","·","Galeria JF Moraes - Rua 30 QD G-14 LT 04, sala 04 piso 2","Aberto","· Fecha 18:00","·","(11) 98538-4486","https://www.sammeavilarinho.com.br/","","Website","","Rotas","https://ssl.gstatic.com/local/servicebusiness/default_user.png","""Maravilhosa ,","arquiteta","expert em projetos e de uma simpatia incrível!!"""
"https://www.google.com/maps/place/LIDA+Arquitetura/data=!4m7!3m6!1s0x935ef128a34d125b:0x2e4e7b3feaa287cb!8m2!3d-16.6834257!4d-49.2665953!16s%2Fg%2F11pwxc_yjv!19sChIJWxJNoyjxXpMRy4ei6j97Ti4?authuser=0&hl=pt-BR&rclk=1","LIDA Arquitetura","5,0","(1)","Escritório da empresa","·","","·","Rua 6, 370, Ed. Empire Center Sala 510","Aberto","· Fecha 18:00","·","(62) 3609-0806","http://instagram.com/lida.arq","","Website","","Rotas","https://ssl.gstatic.com/local/servicebusiness/default_user.png","""Excelentes profissionais 💖👏👏👏👏""","",""
"https://www.google.com/maps/place/Dayana+Youssef+Arquitetura+e+Interiores/data=!4m7!3m6!1s0x935ef1b493e1a335:0x4766c0f306e98746!8m2!3d-16.6888445!4d-49.2660992!16s%2Fg%2F11x047z13s!19sChIJNaPhk7TxXpMRRofpBvPAZkc?authuser=0&hl=pt-BR&rclk=1","Dayana Youssef Arquitetura e Interiores","5,0","(11)","Arquiteto","·","","·","Edifício Aton Business Style - R. João de Abreu, sala 87A","Aberto","· Fecha 18:00","·","(62) 99811-8257","","","Rotas","","","https://ssl.gstatic.com/local/servicebusiness/default_user.png","""Excelente","arquiteta","."""
"https://www.google.com/maps/place/Rogoski+Arquitetura/data=!4m7!3m6!1s0x935ef10acaa21319:0xb09ec6a5c3af9935!8m2!3d-16.7066056!4d-49.2622198!16s%2Fg%2F11vjdwxkqh!19sChIJGROiygrxXpMRNZmvw6XGnrA?authuser=0&hl=pt-BR&rclk=1","Rogoski Arquitetura","4,5","(2)","Arquiteto","·","","·","R. 1124, 219","Aberto","· Fecha 18:00","·","(62) 99491-0264","","","Rotas","","","","","",""
"https://www.google.com/maps/place/Elaine+Saliba+Arquitetura/data=!4m7!3m6!1s0x935ef140d7929999:0xc4ffad56eda9d75!8m2!3d-16.713971!4d-49.2707744!16s%2Fg%2F1jkymbf4t!19sChIJmZmS10DxXpMRdZ3abtX6Tww?authuser=0&hl=pt-BR&rclk=1","Elaine Saliba Arquitetura","5,0","(4)","Arquiteto","·","","Número 1296, Sala 705 e 706 - Avenida T-63","·","Aberto","· Fecha 18:00","","(62) 3255-8794","","","Rotas","","","","","",""
"https://www.google.com/maps/place/Viver+Arquitetura+e+Neg%C3%B3cios+Imobili%C3%A1rios/data=!4m7!3m6!1s0x935ef10c5fc2215f:0x7fa8f02d3ffd010f!8m2!3d-16.7030135!4d-49.2726978!16s%2Fg%2F11qpys27t4!19sChIJXyHCXwzxXpMRDwH9Py3wqH8?authuser=0&hl=pt-BR&rclk=1","Viver Arquitetura e Negócios Imobiliários","5,0","(4)","Escritório de Arquitetura","·","","·","Edifício Focus Bussines - Av. T-2, 471 - Sala 2110","Aberto","· Fecha 18:00","·","(62) 99974-0447","https://www.viver.arq.br/","","Website","","Rotas","https://ssl.gstatic.com/local/servicebusiness/default_user.png","""","Arquiteta","que entende e traduz nossas ideias em belíssimos projetos!"""
"https://www.google.com/maps/place/Diego+Mendon%C3%A7a+Arquitetura/data=!4m7!3m6!1s0x935ef3c99e504cc5:0xe99261a52bee813f!8m2!3d-16.6756071!4d-49.2778607!16s%2Fg%2F11ft1drybl!19sChIJxUxQnsnzXpMRP4HuK6Vhkuk?authuser=0&hl=pt-BR&rclk=1","Diego Mendonça Arquitetura","5,0","(6)","Arquiteto","·","","R. P-5A","·","Aberto","· Fecha 19:00","","(62) 99343-9297","https://bit.ly/meuprojetoDMArq","","Website","","Rotas","https://ssl.gstatic.com/local/servicebusiness/default_user.png","""O projeto ficou sensacional!!""","",""
"https://www.google.com/maps/place/Griffe+Arquitetura/data=!4m7!3m6!1s0x935ef114aaaaaaab:0x62cebfc2b5b08430!8m2!3d-16.704717!4d-49.2410884!16s%2Fg%2F1tg5d5k1!19sChIJq6qqqhTxXpMRMISwtcK_zmI?authuser=0&hl=pt-BR&rclk=1","Griffe Arquitetura","4,9","(7)","Escritório de Arquitetura","·","","Edifício Metropolitan Business - Torre Tokyo - Av. Dep. Jamel Cecílio, 2690 - Sala 317","·","Aberto","· Fecha 19:00","","(62) 3093-1044","http://www.griffearquitetura.com.br/","","Website","","Rotas","","Serviços no local","",""
"https://www.google.com/maps/place/Arquiteto+Construtor+T%C3%A1ssio+Christiano+Arquitetura+e+Urbanismo/data=!4m7!3m6!1s0x935ef1001015de0f:0x2d812603302117e0!8m2!3d-16.6864038!4d-49.2647036!16s%2Fg%2F11y8m5ycbk!19sChIJD94VEADxXpMR4BchMAMmgS0?authuser=0&hl=pt-BR&rclk=1","Arquiteto Construtor Tássio Christiano Arquitetura e Urbanismo","5,0","(3)","Arquiteto","·","","Av. Goiás Norte","·","Aberto","· Fecha 18:00","","(62) 99281-1751","https://www.instagram.com/tc.arqurb/profilecard/?igsh=bm01d3d0djM1MnB5","","Website","","Rotas","https://ssl.gstatic.com/local/servicebusiness/default_user.png","""Profissional excelente, projetos sempre com muita qualidade!""","",""
"https://www.google.com/maps/place/Forma+e+Fun%C3%A7%C3%A3o+Arquitetura+e+Engenharia/data=!4m7!3m6!1s0x935ef3337918702d:0xd35c1cbfdfd817ca!8m2!3d-16.6900806!4d-49.2750169!16s%2Fg%2F11fd6gq_wv!19sChIJLXAYeTPzXpMRyhfY378cXNM?authuser=0&hl=pt-BR&rclk=1","Forma e Função Arquitetura e Engenharia","5,0","(2)","Arquiteto","·","","Lourenço Office, Av. T-7, 371 - Sala 2017","·","Aberto","· Fecha 18:00","","(62) 98126-0613","","","Rotas","","","","","",""
"https://www.google.com/maps/place/Matheus+Garcia+ARQUITETURA/data=!4m7!3m6!1s0x935ef145a23e776d:0x4279cde60fdd062e!8m2!3d-16.6898783!4d-49.2723379!16s%2Fg%2F1tjwjt_q!19sChIJbXc-okXxXpMRLgbdD-bNeUI?authuser=0&hl=pt-BR&rclk=1","Matheus Garcia ARQUITETURA","5,0","(2)","Arquiteto","·","","Galeria R-11, Sala 201 Av R-11, N 870, Setor Oeste Em frente ao Mangueiras","·","Aberto","· Fecha 22:00","","(62) 3274-1026","http://www.matheusgarcia.arq.br/","","Website","","Rotas","","","",""
"https://www.google.com/maps/place/8LINHAS+ARQUITETURA/data=!4m7!3m6!1s0x935ef1b19edf2c87:0x5d56baa48a2af049!8m2!3d-16.7035328!4d-49.2659175!16s%2Fg%2F11tn6n0qxd!19sChIJhyzfnrHxXpMRSfAqiqS6Vl0?authuser=0&hl=pt-BR&rclk=1","8LINHAS ARQUITETURA","5,0","(5)","Escritório da empresa","·","","·","Edifício New Times Square Urban Office - Av. T-10, Sala 1909, n° 208 Qd. 102, Lt. 9/12 CEP: 74.223-060","Aberto","· Fecha 18:00","·","(62) 98218-3732","https://www.instagram.com/8linhas/?next=/","","Website","","Rotas","https://ssl.gstatic.com/local/servicebusiness/default_user.png","""Profissionais dedicados, comprometidos e com um alto nível de excelência.""","",""
"https://www.google.com/maps/place/Arquiteta+Juliana+de+Oliveira/data=!4m7!3m6!1s0x935ef52bab000091:0x1c5e0542a62f9d97!8m2!3d-16.695616!4d-49.2917425!16s%2Fg%2F11vrdpx4dw!19sChIJkQAAqyv1XpMRl50vpkIFXhw?authuser=0&hl=pt-BR&rclk=1","Arquiteta Juliana de Oliveira","4,8","(19)","Escritório de arquitetura de interiores","·","","·","24ºPV Condominio Terra Mundi Office - Av. C-4, 931 - Qd. 49 Lt. 01/14, sala 2401B","Fechado","· Abre seg. às 08:00","·","(62) 98468-8066","https://arquitetajulianadeoliveira.com.br/","","Website","","Rotas","https://ssl.gstatic.com/local/servicebusiness/default_user.png","""Excelente experiência recomendo""","",""
"https://www.google.com/maps/place/DANIELE+MIRANDA+ARQUITETURA/data=!4m7!3m6!1s0x52721760fd23025:0x8e42544427c9590b!8m2!3d-16.699117!4d-49.2579132!16s%2Fg%2F11jz1pk6m4!19sChIJJTDSD3YhJwURC1nJJ0RUQo4?authuser=0&hl=pt-BR&rclk=1","DANIELE MIRANDA ARQUITETURA","5,0","(4)","Escritório de arquitetura de interiores","·","","·","Personalité Business - R. 1136, 246","Aberto","· Fecha 19:00","·","(62) 99987-2393","https://www.instagram.com/danimiranda.arquitetura/","","Website","","Rotas","https://ssl.gstatic.com/local/servicebusiness/default_user.png","""Excelente","arquiteta",", atenciosa e profissional."""
"https://www.google.com/maps/place/CRIAU+Arquitetas+Associadas+-+Arquitetura+e+Interiores+Goi%C3%A2nia/data=!4m7!3m6!1s0x935ef388fd2f2701:0x39bce08c37b7dee9!8m2!3d-16.6663001!4d-49.2473566!16s%2Fg%2F11fhlbxmsw!19sChIJAScv_YjzXpMR6d63N4zgvDk?authuser=0&hl=pt-BR&rclk=1","CRIAU Arquitetas Associadas - Arquitetura e Interiores Goiânia","","","Escritório de arquitetura de interiores","·","","·","R. 226, 93","Aberto","· Fecha 18:00","·","(62) 3920-2083","","","Rotas","","","","","",""
"https://www.google.com/maps/place/Sammea+Vilarinho+Arquitetura/data=!4m7!3m6!1s0x935ef148f0d1432f:0xef21fd83375ddfc9!8m2!3d-16.6941884!4d-49.2662453!16s%2Fg%2F11vwr11fmf!19sChIJL0PR8EjxXpMRyd9dN4P9Ie8?authuser=0&hl=pt-BR&rclk=1","Sammea Vilarinho Arquitetura","5,0","(9)","Escritório de Arquitetura","·","","·","Galeria JF Moraes - Rua 30 QD G-14 LT 04, sala 04 piso 2","Aberto","· Fecha 18:00","·","(11) 98538-4486","","","","","Rotas","https://ssl.gstatic.com/local/servicebusiness/default_user.png","""Maravilhosa ,","arquiteta","expert em projetos e de uma simpatia incrível!!"""
"https://www.google.com/maps/place/LIDA+Arquitetura/data=!4m7!3m6!1s0x935ef128a34d125b:0x2e4e7b3feaa287cb!8m2!3d-16.6834257!4d-49.2665953!16s%2Fg%2F11pwxc_yjv!19sChIJWxJNoyjxXpMRy4ei6j97Ti4?authuser=0&hl=pt-BR&rclk=1","LIDA Arquitetura","5,0","(1)","Escritório da empresa","·","","·","Rua 6, 370, Ed. Empire Center Sala 510","Aberto","· Fecha 18:00","·","(62) 3609-0806","","","","","Rotas","","","",""
"https://www.google.com/maps/place/Dayana+Youssef+Arquitetura+e+Interiores/data=!4m7!3m6!1s0x935ef1b493e1a335:0x4766c0f306e98746!8m2!3d-16.6888445!4d-49.2660992!16s%2Fg%2F11x047z13s!19sChIJNaPhk7TxXpMRRofpBvPAZkc?authuser=0&hl=pt-BR&rclk=1","Dayana Youssef Arquitetura e Interiores","5,0","(11)","Arquiteto","·","","·","Edifício Aton Business Style - R. João de Abreu, sala 87A","Aberto","· Fecha 18:00","·","(62) 99811-8257","","","Rotas","","","","","",""
"https://www.google.com/maps/place/Rogoski+Arquitetura/data=!4m7!3m6!1s0x935ef10acaa21319:0xb09ec6a5c3af9935!8m2!3d-16.7066056!4d-49.2622198!16s%2Fg%2F11vjdwxkqh!19sChIJGROiygrxXpMRNZmvw6XGnrA?authuser=0&hl=pt-BR&rclk=1","Rogoski Arquitetura","4,5","(2)","Arquiteto","·","","·","R. 1124, 219","Aberto","· Fecha 18:00","·","(62) 99491-0264","https://www.viver.arq.br/","","Rotas","","Website","https://ssl.gstatic.com/local/servicebusiness/default_user.png","""","Arquiteta","que entende e traduz nossas ideias em belíssimos projetos!"""
"https://www.google.com/maps/place/Elaine+Saliba+Arquitetura/data=!4m7!3m6!1s0x935ef140d7929999:0xc4ffad56eda9d75!8m2!3d-16.713971!4d-49.2707744!16s%2Fg%2F1jkymbf4t!19sChIJmZmS10DxXpMRdZ3abtX6Tww?authuser=0&hl=pt-BR&rclk=1","Elaine Saliba Arquitetura","5,0","(4)","Arquiteto","·","","Número 1296, Sala 705 e 706 - Avenida T-63","·","Aberto","· Fecha 18:00","","(62) 3255-8794","https://bit.ly/meuprojetoDMArq","","Rotas","","Website","https://ssl.gstatic.com/local/servicebusiness/default_user.png","""O projeto ficou sensacional!!""","",""
"https://www.google.com/maps/place/Griffe+Arquitetura/data=!4m7!3m6!1s0x935ef114aaaaaaab:0x62cebfc2b5b08430!8m2!3d-16.704717!4d-49.2410884!16s%2Fg%2F1tg5d5k1!19sChIJq6qqqhTxXpMRMISwtcK_zmI?authuser=0&hl=pt-BR&rclk=1","Griffe Arquitetura","4,9","(7)","Escritório de Arquitetura","·","","Edifício Metropolitan Business - Torre Tokyo - Av. Dep. Jamel Cecílio, 2690 - Sala 317","·","Aberto","· Fecha 19:00","","(62) 3093-1044","","","","","Rotas","","","",""
"https://www.google.com/maps/place/Arquiteto+Construtor+T%C3%A1ssio+Christiano+Arquitetura+e+Urbanismo/data=!4m7!3m6!1s0x935ef1001015de0f:0x2d812603302117e0!8m2!3d-16.6864038!4d-49.2647036!16s%2Fg%2F11y8m5ycbk!19sChIJD94VEADxXpMR4BchMAMmgS0?authuser=0&hl=pt-BR&rclk=1","Arquiteto Construtor Tássio Christiano Arquitetura e Urbanismo","5,0","(3)","Arquiteto","·","","Av. Goiás Norte","·","Aberto","· Fecha 18:00","","(62) 99281-1751","https://www.instagram.com/tc.arqurb/profilecard/?igsh=bm01d3d0djM1MnB5","","Website","","Rotas","","","",""
"https://www.google.com/maps/place/Forma+e+Fun%C3%A7%C3%A3o+Arquitetura+e+Engenharia/data=!4m7!3m6!1s0x935ef3337918702d:0xd35c1cbfdfd817ca!8m2!3d-16.6900806!4d-49.2750169!16s%2Fg%2F11fd6gq_wv!19sChIJLXAYeTPzXpMRyhfY378cXNM?authuser=0&hl=pt-BR&rclk=1","Forma e Função Arquitetura e Engenharia","5,0","(2)","Arquiteto","·","","Lourenço Office, Av. T-7, 371 - Sala 2017","·","Aberto","· Fecha 18:00","","(62) 98126-0613","https://www.instagram.com/8linhas/?next=/","","Rotas","","Website","https://ssl.gstatic.com/local/servicebusiness/default_user.png","""Profissionais dedicados, comprometidos e com um alto nível de excelência.""","",""
"https://www.google.com/maps/place/Matheus+Garcia+ARQUITETURA/data=!4m7!3m6!1s0x935ef145a23e776d:0x4279cde60fdd062e!8m2!3d-16.6898783!4d-49.2723379!16s%2Fg%2F1tjwjt_q!19sChIJbXc-okXxXpMRLgbdD-bNeUI?authuser=0&hl=pt-BR&rclk=1","Matheus Garcia ARQUITETURA","5,0","(2)","Arquiteto","·","","Galeria R-11, Sala 201 Av R-11, N 870, Setor Oeste Em frente ao Mangueiras","·","Aberto","· Fecha 22:00","","(62) 3274-1026","http://www.matheusgarcia.arq.br/","","Website","","Rotas","https://ssl.gstatic.com/local/servicebusiness/default_user.png","""Excelente experiência recomendo""","",""
"https://www.google.com/maps/place/Arquiteta+Juliana+de+Oliveira/data=!4m7!3m6!1s0x935ef52bab000091:0x1c5e0542a62f9d97!8m2!3d-16.695616!4d-49.2917425!16s%2Fg%2F11vrdpx4dw!19sChIJkQAAqyv1XpMRl50vpkIFXhw?authuser=0&hl=pt-BR&rclk=1","Arquiteta Juliana de Oliveira","4,8","(19)","Escritório de arquitetura de interiores","·","","·","24ºPV Condominio Terra Mundi Office - Av. C-4, 931 - Qd. 49 Lt. 01/14, sala 2401B","Fechado","· Abre seg. às 08:00","·","(62) 98468-8066","","","","","Rotas","","","",""
"https://www.google.com/maps/place/DANIELE+MIRANDA+ARQUITETURA/data=!4m7!3m6!1s0x52721760fd23025:0x8e42544427c9590b!8m2!3d-16.699117!4d-49.2579132!16s%2Fg%2F11jz1pk6m4!19sChIJJTDSD3YhJwURC1nJJ0RUQo4?authuser=0&hl=pt-BR&rclk=1","DANIELE MIRANDA ARQUITETURA","5,0","(4)","Escritório de arquitetura de interiores","·","","·","Personalité Business - R. 1136, 246","Aberto","· Fecha 19:00","·","(62) 99987-2393","https://www.google.com/aclk?sa=L&ai=DChsSEwi1-In3uaqUAxWaQUgAHRotFLMYACICCAEQABoCY2U&co=1&ase=2&gclid=EAIaIQobChMItfiJ97mqlAMVmkFIAB0aLRSzEBAYASAAEgLjXfD_BwE&cid=CAASugHkaMYa78U8Pt6HOyx7AlIFGZMoLITTa7eej9ddoqsOsJ73kRzJn-ccUZbe9kzaFLBkiPnP-54Qnb3SIK7fvMpS8MAiE8Sa0SRHjP4ricksRl-CLU_L2XbAuMfSmEtZAFLJemQzsQ4IyWrmap4j5u7J1efUQEST_EefVTPyjpnXwnC05w-D1j2nT9lGih6kCxcuS69fm-ZGkdpfpBjmXa7NXwk66gM5cPFra-Pp7H_P5ugmaBSfW8ePoPU&cce=2&category=acrcp_v1_32&sig=AOD64_2uslDxxz0f5zPSNNcyBh6J8MZGJg&adurl&q&ctype=99&nis=5","","Website","","Rotas","https://ssl.gstatic.com/local/servicebusiness/default_user.png","""Excelente","arquiteta",", atenciosa e profissional."""
"https://www.google.com/maps/place/CRIAU+Arquitetas+Associadas+-+Arquitetura+e+Interiores+Goi%C3%A2nia/data=!4m7!3m6!1s0x935ef388fd2f2701:0x39bce08c37b7dee9!8m2!3d-16.6663001!4d-49.2473566!16s%2Fg%2F11fhlbxmsw!19sChIJAScv_YjzXpMR6d63N4zgvDk?authuser=0&hl=pt-BR&rclk=1","CRIAU Arquitetas Associadas - Arquitetura e Interiores Goiânia","","","Escritório de arquitetura de interiores","·","","·","R. 226, 93","Aberto","· Fecha 18:00","·","(62) 3920-2083","https://www.google.com/aclk?sa=L&ai=DChsSEwiLxbW9uqqUAxVAVUgAHUWFJ3EYACICCAEQABoCY2U&co=1&ase=2&gclid=EAIaIQobChMIi8W1vbqqlAMVQFVIAB1FhSdxEBAYASAAEgIyV_D_BwE&cid=CAASugHkaHbVtrpeVeWVLUkAYGmEI_r6n8IGheFVt9sS4PwtROLjbr9Q1bM4ot09RbPaY-gh5SFjpmSrH_ZLVUwHXFZuXXXpdNTahFvdn29q0lDdWHG976EqLDGlKe_ImdCPIGYCDYHvlCgMr3TR-h9z01mbAwvCnZWmld_ZlP_rNGltk1o25DX9OLAHcfA3ibZmvqty9orDBvA1_4gn0_KSd6Ibscr5TSpwl_YjhOTZGuyEEv-d6j_pl4US_0A&cce=2&category=acrcp_v1_32&sig=AOD64_2neybcSSXnEr3lo8XnbB5H9rBFkA&adurl&q&ctype=99&nis=5","","Rotas","","Website","","","",""
"https://www.google.com/maps/place/Paola+Noel+Arquitetura/data=!4m7!3m6!1s0x935ef1a8d2beb1b9:0x536775829ad3acb2!8m2!3d-16.6837126!4d-49.2518229!16s%2Fg%2F11gtgfms91!19sChIJubG-0qjxXpMRsqzTmoJ1Z1M?authuser=0&hl=pt-BR&rclk=1","Paola Noel Arquitetura","5,0","(7)","Arquiteto","·","","R. 83-B, 61","·","Aberto","· Fecha 18:00","","(62) 98184-2422","https://www.instagram.com/paolanoelarquitetura/","","Website","","Rotas","https://ssl.gstatic.com/local/servicebusiness/default_user.png","""Uma","arquiteta","ímpar que ouve, aconselha e busca o melhor para o cliente."""
"https://www.google.com/maps/place/Thalia+Salgado+Arquitetura+e+Interiores/data=!4m7!3m6!1s0x60a1e1b12d384ffd:0xe83334befb447725!8m2!3d-16.7029893!4d-49.2340187!16s%2Fg%2F11tb5yrnmz!19sChIJ_U84LbHhoWARJXdE-740M-g?authuser=0&hl=pt-BR&rclk=1","Thalia Salgado Arquitetura e Interiores","5,0","(6)","Arquiteto","·","","·","Trend Office - R. 72","Aberto","· Fecha 18:00","·","(62) 98279-6205","https://www.thaliasalgado.com.br/","","Website","","Rotas","https://ssl.gstatic.com/local/servicebusiness/default_user.png","""","Arquiteta","maravilhosa, de extremo bom gosto"""
"https://www.google.com/maps/place/RICARDO+ASSIS+arquitetos+associados/data=!4m7!3m6!1s0x935ef14d5f3f38e7:0x53d416cef5c0fdca!8m2!3d-16.6900935!4d-49.2831297!16s%2Fg%2F11b6nlws6v!19sChIJ5zg_X03xXpMRyv3A9c4W1FM?authuser=0&hl=pt-BR&rclk=1","RICARDO ASSIS arquitetos associados","5,0","(3)","Arquiteto","·","","Av. T-6, 461","·","Aberto","· Fecha 18:00","","(62) 3088-2779","https://www.instagram.com/ricardoassisarquiteto/","","Website","","Rotas","https://ssl.gstatic.com/local/servicebusiness/default_user.png","""Grandes profissionais, conheço a anos e indico.""","",""
"https://www.google.com/maps/place/Carol+Rosa+Arquitetura+%2B+Interiores/data=!4m7!3m6!1s0x935ef1cd4c9c1783:0xe7df3ccb0490c22e!8m2!3d-16.6852385!4d-49.2634567!16s%2Fg%2F11mbxzbswx!19sChIJgxecTM3xXpMRLsKQBMs83-c?authuser=0&hl=pt-BR&rclk=1","Carol Rosa Arquitetura + Interiores","5,0","(5)","Arquiteto","·","","·","R. 3, 800","Aberto","· Fecha 19:00","·","(62) 99647-6172","","","Rotas","","","https://ssl.gstatic.com/local/servicebusiness/default_user.png","""Recomendo muito!""","",""
"https://www.google.com/maps/place/Bianca+Rocha+Arquitetura+%7C+CL%C3%8DNICAS,+CONSULT%C3%93RIOS+E+RESID%C3%8ANCIAS/data=!4m7!3m6!1s0x935ef17ee6625a3b:0x55dae5db812f826f!8m2!3d-16.6888326!4d-49.2653328!16s%2Fg%2F11j8ld96w9!19sChIJO1pi5n7xXpMRb4Ivgdvl2lU?authuser=0&hl=pt-BR&rclk=1","Bianca Rocha Arquitetura | CLÍNICAS, CONSULTÓRIOS E RESIDÊNCIAS","5,0","(9)","Arquiteto","·","","·","R. João de Abreu, 116","Fecha em breve","· 17:00 · Abre seg. às 09:00","·","(62) 98116-3765","","","Rotas","","","https://ssl.gstatic.com/local/servicebusiness/default_user.png","""Projetos modernos e que visam o conforto.""","",""
"https://www.google.com/maps/place/Cromati%C3%AA+Arquitetura/data=!4m7!3m6!1s0x935ef183d7bfeb31:0x4a7a7f2a9071ecb4!8m2!3d-16.6903808!4d-49.2751859!16s%2Fg%2F11y34dv29q!19sChIJMeu_14PxXpMRtOxxkCp_eko?authuser=0&hl=pt-BR&rclk=1","Cromatiê Arquitetura","5,0","(13)","Escritório de Arquitetura","·","","·","Lourenço Office - Av. Castelo Branco, 371 - Sala 1805","Aberto","· Fecha 18:00","·","(62) 2020-0928","https://instagram.com/cromatiearquitetura","","Website","","Rotas","https://ssl.gstatic.com/local/servicebusiness/default_user.png","""A Fer e a Ju têm um olhar muito especial e diferenciado nos projetos.""","",""
"https://www.google.com/maps/place/Carto+Arquitetura+e+Urbanismo/data=!4m7!3m6!1s0x935ef14643d7cc5d:0x3ebb8f64fd9021ef!8m2!3d-16.6792846!4d-49.2667683!16s%2Fg%2F11td35d6gv!19sChIJXczXQ0bxXpMR7yGQ_WSPuz4?authuser=0&hl=pt-BR&rclk=1","Carto Arquitetura e Urbanismo","5,0","(1)","Escritório da empresa","·","","·","Av. República do Líbano, 1555","Aberto","· Fecha 18:00","·","(62) 98330-5678","","","Rotas","","","https://ssl.gstatic.com/local/servicebusiness/default_user.png","""Excelência em","arquitetura","!"""
"https://www.google.com/maps/place/Gastr%C3%B4+Arquitetura/data=!4m7!3m6!1s0x49a0e53e72be8ec9:0xc80c85b17762a61b!8m2!3d-16.6964197!4d-49.2419552!16s%2Fg%2F11n_z_xq77!19sChIJyY6-cj7loEkRG6Zid7GFDMg?authuser=0&hl=pt-BR&rclk=1","Gastrô Arquitetura","3,0","(2)","Arquiteto","·","","R. 6","·","Aberto","· Fecha 18:00","","(62) 99246-8338","http://www.gastroarquitetura.com.br/","","Website","","Rotas","","Agendamento on-line","",""
"https://www.google.com/maps/place/Studio+2+Arquitetura+e+Interiores+Goi%C3%A2nia/data=!4m7!3m6!1s0x935ef1a5b0f43a69:0x82ec357adacf2e1f!8m2!3d-16.7107903!4d-49.26647!16s%2Fg%2F11k9_ff8qc!19sChIJaTr0sKXxXpMRHy7P2no17II?authuser=0&hl=pt-BR&rclk=1","Studio 2 Arquitetura e Interiores Goiânia","","","Arquiteto","·","","R. T-61","·","Aberto","· Fecha 18:30","","(62) 98172-3177","","","Rotas","","","","","",""
"https://www.google.com/maps/place/Isabela+Freire+Arquitetura/data=!4m7!3m6!1s0x935ef1d63b3b8cfb:0x2414d6a2304aa371!8m2!3d-16.691639!4d-49.2665184!16s%2Fg%2F11rlcpqpx6!19sChIJ-4w7O9bxXpMRcaNKMKLWFCQ?authuser=0&hl=pt-BR&rclk=1","Isabela Freire Arquitetura","5,0","(2)","Escritório de arquitetura de interiores","·","","·","Av. D, 419 - Qd G11, Lt 01, 4º Andar","Aberto","· Fecha 18:00","·","(62) 99812-3672","https://sites.google.com/view/isabelafreire-arquitetura/in%C3%ADcio","","Website","","Rotas","https://ssl.gstatic.com/local/servicebusiness/default_user.png","""Responsável, atenta aos detalhes, respeitosa.""","",""
"https://www.google.com/maps/place/Arquitetura+e+Urbanismo/data=!4m7!3m6!1s0x935ef33651fbd795:0xd4fa4340dbd3c615!8m2!3d-16.6056794!4d-49.2622331!16s%2Fg%2F1pzqfhblk!19sChIJldf7UTbzXpMRFcbT20BD-tQ?authuser=0&hl=pt-BR&rclk=1","Arquitetura e Urbanismo","4,0","(1)","Arquiteto","·","","·","Av. Esperança, s/n","","","","","","","Rotas","","","","","",""
"https://www.google.com/maps/place/Viviane+Melo+Arquitetura/data=!4m7!3m6!1s0x935ef128e052869b:0x1c0acc9f56e9ecbe!8m2!3d-16.6966638!4d-49.2530608!16s%2Fg%2F11g1lf8nn8!19sChIJm4ZS4CjxXpMRvuzpVp_MChw?authuser=0&hl=pt-BR&rclk=1","Viviane Melo Arquitetura","5,0","(4)","Escritório de arquitetura de interiores","·","","·","R. 136-A, Quadra F44 Lote 4","Aberto","· Fecha 18:00","·","(62) 99972-0218","https://www.instagram.com/vivianemeloarquitetura/","","Website","","Rotas","","","",""
"https://www.google.com/maps/place/Arquiteta+em+Goiania+-+Leilane+Albernaz+Arquitetura/data=!4m7!3m6!1s0x935ef164b74aec2d:0x189360963d5f1be8!8m2!3d-16.7071337!4d-49.2368095!16s%2Fg%2F11l_3zk685!19sChIJLexKt2TxXpMR6BtfPZZgkxg?authuser=0&hl=pt-BR&rclk=1","Arquiteta em Goiania - Leilane Albernaz Arquitetura","5,0","(1)","Escritório de Arquitetura","·","","Ed. Flamboyant Park Business - Av. Dep. Jamel Cecílio, 3455","·","Fecha em breve","· 17:00 · Abre seg. às 09:00","","(65) 99930-2484","","","Rotas","","","","","",""
"https://www.google.com/maps/place/Anna+Paula+Melo+Arquitetura/data=!4m7!3m6!1s0x935ef112251cd939:0xdd6c56a58f20f748!8m2!3d-16.7045914!4d-49.2399931!16s%2Fg%2F11b620xv99!19sChIJOdkcJRLxXpMRSPcgj6VWbN0?authuser=0&hl=pt-BR&rclk=1","Anna Paula Melo Arquitetura","5,0","(1)","Arquiteto","·","","Av. Dep. Jamel Cecílio, 2929","·","Aberto","· Fecha 18:00","","(62) 3091-4557","","","Rotas","","","","","",""
"https://www.google.com/maps/place/Rhayssa+Frauzino+Arquitetura/data=!4m7!3m6!1s0x935ef7f6891048d9:0x274874bddafef459!8m2!3d-14.4095262!4d-51.31668!16s%2Fg%2F11fqr_tg52!19sChIJ2UgQifb3XpMRWfT-2r10SCc?authuser=0&hl=pt-BR&rclk=1","Rhayssa Frauzino Arquitetura","5,0","(6)","Arquiteto","","","·","","Aberto","· Fecha 21:00","","(62) 98222-0182","","","Rotas","","","","","",""
"https://www.google.com/maps/place/Mariela+Romano+%7C+Arquitetura+%26+Design+de+Interiores/data=!4m7!3m6!1s0x935ef1ab5f85c469:0xd1412e5e31e4c45d!8m2!3d-16.7068715!4d-49.2365008!16s%2Fg%2F1v6wqdpp!19sChIJacSFX6vxXpMRXcTkMV4uQdE?authuser=0&hl=pt-BR&rclk=1","Mariela Romano | Arquitetura & Design de Interiores","4,6","(9)","Arquiteto","·","","Rua 14 e 14 A Qd. C9 Lt. 02 a 05/15 nº 3455 Sala 2414. Ed. Flamboyant Park Business","·","Aberto","· Fecha 18:00","","(62) 99971-0800","https://www.marielaromano.com.br/","","Website","","Rotas","","Serviços no local","Agendamento on-line",""
"https://www.google.com/maps/place/Maria+Ester+Arquitetura/data=!4m7!3m6!1s0x935ef114e7c3a763:0xfafde52f24d9a20a!8m2!3d-16.6937847!4d-49.2606171!16s%2Fg%2F1w0sdyyk!19sChIJY6fD5xTxXpMRCqLZJC_l_fo?authuser=0&hl=pt-BR&rclk=1","Maria Ester Arquitetura","5,0","(3)","Arquiteto","·","","R. 147, 303","","","","","(62) 3224-7309","","","Rotas","","","","","",""
"https://www.google.com/maps/place/Vanessa+Ortiz+Arquitetura+e+Interiores/data=!4m7!3m6!1s0x935ef1022305126b:0xc28056fea9dba793!8m2!3d-16.704717!4d-49.2410884!16s%2Fg%2F11sk3b47cc!19sChIJaxIFIwLxXpMRk6fbqf5WgMI?authuser=0&hl=pt-BR&rclk=1","Vanessa Ortiz Arquitetura e Interiores","5,0","(1)","Arquiteto","·","","·","Metropolitan Mall, Torre Tokyo - Av. Dep. Jamel Cecílio, 2690 - sala 407","Aberto","· Fecha 18:00","·","(62) 99812-2400","","","Rotas","","","","","",""
"https://www.google.com/maps/place/Alexandre+Leite+-+Arquitetos+Associados/data=!4m7!3m6!1s0x935ef1e61caa9695:0x2eaed60903d2f438!8m2!3d-16.7122847!4d-49.2631615!16s%2Fg%2F11rn3yxgmn!19sChIJlZaqHObxXpMROPTSAwnWri4?authuser=0&hl=pt-BR&rclk=1","Alexandre Leite - Arquitetos Associados","5,0","(2)","Arquiteto","·","","·","R. T-62, 479 - Casa 2","Aberto","· Fecha 18:00","","","http://alexandreleite.com.br/","","Website","","Rotas","https://ssl.gstatic.com/local/servicebusiness/default_user.png","""Um dos melhores","arquitetos","deste país!"""
"https://www.google.com/maps/place/AyU+Arquitetos/data=!4m7!3m6!1s0x935ef1381c5f7ec7:0xf8e1d8b44ac9b83f!8m2!3d-16.6864721!4d-49.2763672!16s%2Fg%2F11j8k0lnt3!19sChIJx35fHDjxXpMRP7jJSrTY4fg?authuser=0&hl=pt-BR&rclk=1","AyU Arquitetos","5,0","(1)","Escritório da empresa","·","","Av. Assis Chateaubriand, 1904","·","Aberto","· Fecha 22:00","","(62) 3157-9821","","","Rotas","","","","","",""
"","","","","","","","","","","","","","","","","","","","","",""